run_id,worker_id,tag_address,shift_date,interval_sequence,zone_id,activity_code,productivity_class,interval_start,interval_end,duration_seconds,source,algorithm_version
abcbd7ba-fc78-5b34-bef8-ebb274ff42d2,W-001,BB:00:00:00:00:01,2026-01-05,1,Z01,ACCESS,SUPPORT,2026-01-05T11:03:00.000+00:00,2026-01-05T11:06:00.000+00:00,180,DIGITAL_TWIN_GROUND_TRUTH,digital-twin-ground-truth-v1
abcbd7ba-fc78-5b34-bef8-ebb274ff42d2,W-001,BB:00:00:00:00:01,2026-01-05,2,Z00,UNDEFINED,UNKNOWN,2026-01-05T11:06:00.000+00:00,2026-01-05T11:09:00.000+00:00,180,DIGITAL_TWIN_GROUND_TRUTH,digital-twin-ground-truth-v1
abcbd7ba-fc78-5b34-bef8-ebb274ff42d2,W-001,BB:00:00:00:00:01,2026-01-05,3,Z02,CHANGE_HOUSE,NON_PRODUCTIVE_PLANNED,2026-01-05T11:09:00.000+00:00,2026-01-05T11:19:00.000+00:00,600,DIGITAL_TWIN_GROUND_TRUTH,digital-twin-ground-truth-v1
abcbd7ba-fc78-5b34-bef8-ebb274ff42d2,W-001,BB:00:00:00:00:01,2026-01-05,4,Z00,UNDEFINED,UNKNOWN,2026-01-05T11:19:00.000+00:00,2026-01-05T11:22:00.000+00:00,180,DIGITAL_TWIN_GROUND_TRUTH,digital-twin-ground-truth-v1
abcbd7ba-fc78-5b34-bef8-ebb274ff42d2,W-001,BB:00:00:00:00:01,2026-01-05,5,Z03,INSTRUCTIONS,NON_PRODUCTIVE_PLANNED,2026-01-05T11:22:00.000+00:00,2026-01-05T11:33:00.000+00:00,660,DIGITAL_TWIN_GROUND_TRUTH,digital-twin-ground-truth-v1
abcbd7ba-fc78-5b34-bef8-ebb274ff42d2,W-001,BB:00:00:00:00:01,2026-01-05,6,Z00,UNDEFINED,UNKNOWN,2026-01-05T11:33:00.000+00:00,2026-01-05T11:34:00.000+00:00,60,DIGITAL_TWIN_GROUND_TRUTH,digital-twin-ground-truth-v1
abcbd7ba-fc78-5b34-bef8-ebb274ff42d2,W-001,BB:00:00:00:00:01,2026-01-05,7,Z04,TOOLS,NON_PRODUCTIVE_INFERRED,2026-01-05T11:34:00.000+00:00,2026-01-05T11:44:00.000+00:00,600,DIGITAL_TWIN_GROUND_TRUTH,digital-twin-ground-truth-v1
abcbd7ba-fc78-5b34-bef8-ebb274ff42d2,W-001,BB:00:00:00:00:01,2026-01-05,8,Z00,UNDEFINED,UNKNOWN,2026-01-05T11:44:00.000+00:00,2026-01-05T11:47:00.000+00:00,180,DIGITAL_TWIN_GROUND_TRUTH,digital-twin-ground-truth-v1
abcbd7ba-fc78-5b34-bef8-ebb274ff42d2,W-001,BB:00:00:00:00:01,2026-01-05,9,Z05-C,WORK_FACE,PRODUCTIVE,2026-01-05T11:47:00.000+00:00,2026-01-05T15:10:00.000+00:00,12180,DIGITAL_TWIN_GROUND_TRUTH,digital-twin-ground-truth-v1
abcbd7ba-fc78-5b34-bef8-ebb274ff42d2,W-001,BB:00:00:00:00:01,2026-01-05,10,Z06,LUNCH,BREAK,2026-01-05T15:10:00.000+00:00,2026-01-05T15:46:00.000+00:00,2160,DIGITAL_TWIN_GROUND_TRUTH,digital-twin-ground-truth-v1
abcbd7ba-fc78-5b34-bef8-ebb274ff42d2,W-001,BB:00:00:00:00:01,2026-01-05,11,Z05-C,WORK_FACE,PRODUCTIVE,2026-01-05T15:46:00.000+00:00,2026-01-05T19:48:00.000+00:00,14520,DIGITAL_TWIN_GROUND_TRUTH,digital-twin-ground-truth-v1
abcbd7ba-fc78-5b34-bef8-ebb274ff42d2,W-001,BB:00:00:00:00:01,2026-01-05,12,Z00,UNDEFINED,UNKNOWN,2026-01-05T19:48:00.000+00:00,2026-01-05T19:49:00.000+00:00,60,DIGITAL_TWIN_GROUND_TRUTH,digital-twin-ground-truth-v1
abcbd7ba-fc78-5b34-bef8-ebb274ff42d2,W-001,BB:00:00:00:00:01,2026-01-05,13,Z04,TOOLS,NON_PRODUCTIVE_INFERRED,2026-01-05T19:49:00.000+00:00,2026-01-05T19:52:00.000+00:00,180,DIGITAL_TWIN_GROUND_TRUTH,digital-twin-ground-truth-v1
abcbd7ba-fc78-5b34-bef8-ebb274ff42d2,W-001,BB:00:00:00:00:01,2026-01-05,14,Z00,UNDEFINED,UNKNOWN,2026-01-05T19:52:00.000+00:00,2026-01-05T19:53:00.000+00:00,60,DIGITAL_TWIN_GROUND_TRUTH,digital-twin-ground-truth-v1
abcbd7ba-fc78-5b34-bef8-ebb274ff42d2,W-001,BB:00:00:00:00:01,2026-01-05,15,Z02,CHANGE_HOUSE,NON_PRODUCTIVE_PLANNED,2026-01-05T19:53:00.000+00:00,2026-01-05T20:00:00.000+00:00,420,DIGITAL_TWIN_GROUND_TRUTH,digital-twin-ground-truth-v1
abcbd7ba-fc78-5b34-bef8-ebb274ff42d2,W-001,BB:00:00:00:00:01,2026-01-05,16,Z01,ACCESS,SUPPORT,2026-01-05T20:00:00.000+00:00,2026-01-05T20:03:00.000+00:00,180,DIGITAL_TWIN_GROUND_TRUTH,digital-twin-ground-truth-v1
abcbd7ba-fc78-5b34-bef8-ebb274ff42d2,W-002,BB:00:00:00:00:02,2026-01-05,1,Z01,ACCESS,SUPPORT,2026-01-05T11:01:00.000+00:00,2026-01-05T11:06:00.000+00:00,300,DIGITAL_TWIN_GROUND_TRUTH,digital-twin-ground-truth-v1
abcbd7ba-fc78-5b34-bef8-ebb274ff42d2,W-002,BB:00:00:00:00:02,2026-01-05,2,Z00,UNDEFINED,UNKNOWN,2026-01-05T11:06:00.000+00:00,2026-01-05T11:09:00.000+00:00,180,DIGITAL_TWIN_GROUND_TRUTH,digital-twin-ground-truth-v1
abcbd7ba-fc78-5b34-bef8-ebb274ff42d2,W-002,BB:00:00:00:00:02,2026-01-05,3,Z02,CHANGE_HOUSE,NON_PRODUCTIVE_PLANNED,2026-01-05T11:09:00.000+00:00,2026-01-05T11:23:00.000+00:00,840,DIGITAL_TWIN_GROUND_TRUTH,digital-twin-ground-truth-v1
abcbd7ba-fc78-5b34-bef8-ebb274ff42d2,W-002,BB:00:00:00:00:02,2026-01-05,4,Z00,UNDEFINED,UNKNOWN,2026-01-05T11:23:00.000+00:00,2026-01-05T11:25:00.000+00:00,120,DIGITAL_TWIN_GROUND_TRUTH,digital-twin-ground-truth-v1
abcbd7ba-fc78-5b34-bef8-ebb274ff42d2,W-002,BB:00:00:00:00:02,2026-01-05,5,Z03,INSTRUCTIONS,NON_PRODUCTIVE_PLANNED,2026-01-05T11:25:00.000+00:00,2026-01-05T11:38:00.000+00:00,780,DIGITAL_TWIN_GROUND_TRUTH,digital-twin-ground-truth-v1
abcbd7ba-fc78-5b34-bef8-ebb274ff42d2,W-002,BB:00:00:00:00:02,2026-01-05,6,Z00,UNDEFINED,UNKNOWN,2026-01-05T11:38:00.000+00:00,2026-01-05T11:39:00.000+00:00,60,DIGITAL_TWIN_GROUND_TRUTH,digital-twin-ground-truth-v1
abcbd7ba-fc78-5b34-bef8-ebb274ff42d2,W-002,BB:00:00:00:00:02,2026-01-05,7,Z04,TOOLS,NON_PRODUCTIVE_INFERRED,2026-01-05T11:39:00.000+00:00,2026-01-05T11:47:00.000+00:00,480,DIGITAL_TWIN_GROUND_TRUTH,digital-twin-ground-truth-v1
abcbd7ba-fc78-5b34-bef8-ebb274ff42d2,W-002,BB:00:00:00:00:02,2026-01-05,8,Z00,UNDEFINED,UNKNOWN,2026-01-05T11:47:00.000+00:00,2026-01-05T11:48:00.000+00:00,60,DIGITAL_TWIN_GROUND_TRUTH,digital-twin-ground-truth-v1
abcbd7ba-fc78-5b34-bef8-ebb274ff42d2,W-002,BB:00:00:00:00:02,2026-01-05,9,Z05-B,WORK_FACE,PRODUCTIVE,2026-01-05T11:48:00.000+00:00,2026-01-05T14:54:00.000+00:00,11160,DIGITAL_TWIN_GROUND_TRUTH,digital-twin-ground-truth-v1
abcbd7ba-fc78-5b34-bef8-ebb274ff42d2,W-002,BB:00:00:00:00:02,2026-01-05,10,Z06,LUNCH,BREAK,2026-01-05T14:54:00.000+00:00,2026-01-05T15:30:00.000+00:00,2160,DIGITAL_TWIN_GROUND_TRUTH,digital-twin-ground-truth-v1
abcbd7ba-fc78-5b34-bef8-ebb274ff42d2,W-002,BB:00:00:00:00:02,2026-01-05,11,Z00,UNDEFINED,UNKNOWN,2026-01-05T15:30:00.000+00:00,2026-01-05T15:33:00.000+00:00,180,DIGITAL_TWIN_GROUND_TRUTH,digital-twin-ground-truth-v1
abcbd7ba-fc78-5b34-bef8-ebb274ff42d2,W-002,BB:00:00:00:00:02,2026-01-05,12,Z05-C,WORK_FACE,PRODUCTIVE,2026-01-05T15:33:00.000+00:00,2026-01-05T19:42:00.000+00:00,14940,DIGITAL_TWIN_GROUND_TRUTH,digital-twin-ground-truth-v1
abcbd7ba-fc78-5b34-bef8-ebb274ff42d2,W-002,BB:00:00:00:00:02,2026-01-05,13,Z00,UNDEFINED,UNKNOWN,2026-01-05T19:42:00.000+00:00,2026-01-05T19:44:00.000+00:00,120,DIGITAL_TWIN_GROUND_TRUTH,digital-twin-ground-truth-v1
abcbd7ba-fc78-5b34-bef8-ebb274ff42d2,W-002,BB:00:00:00:00:02,2026-01-05,14,Z04,TOOLS,NON_PRODUCTIVE_INFERRED,2026-01-05T19:44:00.000+00:00,2026-01-05T19:49:00.000+00:00,300,DIGITAL_TWIN_GROUND_TRUTH,digital-twin-ground-truth-v1
abcbd7ba-fc78-5b34-bef8-ebb274ff42d2,W-002,BB:00:00:00:00:02,2026-01-05,15,Z00,UNDEFINED,UNKNOWN,2026-01-05T19:49:00.000+00:00,2026-01-05T19:51:00.000+00:00,120,DIGITAL_TWIN_GROUND_TRUTH,digital-twin-ground-truth-v1
abcbd7ba-fc78-5b34-bef8-ebb274ff42d2,W-002,BB:00:00:00:00:02,2026-01-05,16,Z02,CHANGE_HOUSE,NON_PRODUCTIVE_PLANNED,2026-01-05T19:51:00.000+00:00,2026-01-05T19:58:00.000+00:00,420,DIGITAL_TWIN_GROUND_TRUTH,digital-twin-ground-truth-v1
abcbd7ba-fc78-5b34-bef8-ebb274ff42d2,W-002,BB:00:00:00:00:02,2026-01-05,17,Z01,ACCESS,SUPPORT,2026-01-05T19:58:00.000+00:00,2026-01-05T20:01:00.000+00:00,180,DIGITAL_TWIN_GROUND_TRUTH,digital-twin-ground-truth-v1
abcbd7ba-fc78-5b34-bef8-ebb274ff42d2,W-003,BB:00:00:00:00:03,2026-01-05,1,Z01,ACCESS,SUPPORT,2026-01-05T10:58:00.000+00:00,2026-01-05T11:01:00.000+00:00,180,DIGITAL_TWIN_GROUND_TRUTH,digital-twin-ground-truth-v1
abcbd7ba-fc78-5b34-bef8-ebb274ff42d2,W-003,BB:00:00:00:00:03,2026-01-05,2,Z00,UNDEFINED,UNKNOWN,2026-01-05T11:01:00.000+00:00,2026-01-05T11:03:00.000+00:00,120,DIGITAL_TWIN_GROUND_TRUTH,digital-twin-ground-truth-v1
abcbd7ba-fc78-5b34-bef8-ebb274ff42d2,W-003,BB:00:00:00:00:03,2026-01-05,3,Z02,CHANGE_HOUSE,NON_PRODUCTIVE_PLANNED,2026-01-05T11:03:00.000+00:00,2026-01-05T11:18:00.000+00:00,900,DIGITAL_TWIN_GROUND_TRUTH,digital-twin-ground-truth-v1
abcbd7ba-fc78-5b34-bef8-ebb274ff42d2,W-003,BB:00:00:00:00:03,2026-01-05,4,Z00,UNDEFINED,UNKNOWN,2026-01-05T11:18:00.000+00:00,2026-01-05T11:19:00.000+00:00,60,DIGITAL_TWIN_GROUND_TRUTH,digital-twin-ground-truth-v1
abcbd7ba-fc78-5b34-bef8-ebb274ff42d2,W-003,BB:00:00:00:00:03,2026-01-05,5,Z03,INSTRUCTIONS,NON_PRODUCTIVE_PLANNED,2026-01-05T11:19:00.000+00:00,2026-01-05T11:37:00.000+00:00,1080,DIGITAL_TWIN_GROUND_TRUTH,digital-twin-ground-truth-v1
abcbd7ba-fc78-5b34-bef8-ebb274ff42d2,W-003,BB:00:00:00:00:03,2026-01-05,6,Z00,UNDEFINED,UNKNOWN,2026-01-05T11:37:00.000+00:00,2026-01-05T11:40:00.000+00:00,180,DIGITAL_TWIN_GROUND_TRUTH,digital-twin-ground-truth-v1
abcbd7ba-fc78-5b34-bef8-ebb274ff42d2,W-003,BB:00:00:00:00:03,2026-01-05,7,Z04,TOOLS,NON_PRODUCTIVE_INFERRED,2026-01-05T11:40:00.000+00:00,2026-01-05T11:45:00.000+00:00,300,DIGITAL_TWIN_GROUND_TRUTH,digital-twin-ground-truth-v1
abcbd7ba-fc78-5b34-bef8-ebb274ff42d2,W-003,BB:00:00:00:00:03,2026-01-05,8,Z00,UNDEFINED,UNKNOWN,2026-01-05T11:45:00.000+00:00,2026-01-05T11:47:00.000+00:00,120,DIGITAL_TWIN_GROUND_TRUTH,digital-twin-ground-truth-v1
abcbd7ba-fc78-5b34-bef8-ebb274ff42d2,W-003,BB:00:00:00:00:03,2026-01-05,9,Z05-A,WORK_FACE,PRODUCTIVE,2026-01-05T11:47:00.000+00:00,2026-01-05T14:57:00.000+00:00,11400,DIGITAL_TWIN_GROUND_TRUTH,digital-twin-ground-truth-v1
abcbd7ba-fc78-5b34-bef8-ebb274ff42d2,W-003,BB:00:00:00:00:03,2026-01-05,10,Z06,LUNCH,BREAK,2026-01-05T14:57:00.000+00:00,2026-01-05T15:33:00.000+00:00,2160,DIGITAL_TWIN_GROUND_TRUTH,digital-twin-ground-truth-v1
abcbd7ba-fc78-5b34-bef8-ebb274ff42d2,W-003,BB:00:00:00:00:03,2026-01-05,11,Z00,UNDEFINED,UNKNOWN,2026-01-05T15:33:00.000+00:00,2026-01-05T15:36:00.000+00:00,180,DIGITAL_TWIN_GROUND_TRUTH,digital-twin-ground-truth-v1
abcbd7ba-fc78-5b34-bef8-ebb274ff42d2,W-003,BB:00:00:00:00:03,2026-01-05,12,Z05-B,WORK_FACE,PRODUCTIVE,2026-01-05T15:36:00.000+00:00,2026-01-05T19:34:00.000+00:00,14280,DIGITAL_TWIN_GROUND_TRUTH,digital-twin-ground-truth-v1
abcbd7ba-fc78-5b34-bef8-ebb274ff42d2,W-003,BB:00:00:00:00:03,2026-01-05,13,Z00,UNDEFINED,UNKNOWN,2026-01-05T19:34:00.000+00:00,2026-01-05T19:37:00.000+00:00,180,DIGITAL_TWIN_GROUND_TRUTH,digital-twin-ground-truth-v1
abcbd7ba-fc78-5b34-bef8-ebb274ff42d2,W-003,BB:00:00:00:00:03,2026-01-05,14,Z04,TOOLS,NON_PRODUCTIVE_INFERRED,2026-01-05T19:37:00.000+00:00,2026-01-05T19:44:00.000+00:00,420,DIGITAL_TWIN_GROUND_TRUTH,digital-twin-ground-truth-v1
abcbd7ba-fc78-5b34-bef8-ebb274ff42d2,W-003,BB:00:00:00:00:03,2026-01-05,15,Z00,UNDEFINED,UNKNOWN,2026-01-05T19:44:00.000+00:00,2026-01-05T19:46:00.000+00:00,120,DIGITAL_TWIN_GROUND_TRUTH,digital-twin-ground-truth-v1
abcbd7ba-fc78-5b34-bef8-ebb274ff42d2,W-003,BB:00:00:00:00:03,2026-01-05,16,Z02,CHANGE_HOUSE,NON_PRODUCTIVE_PLANNED,2026-01-05T19:46:00.000+00:00,2026-01-05T19:53:00.000+00:00,420,DIGITAL_TWIN_GROUND_TRUTH,digital-twin-ground-truth-v1
abcbd7ba-fc78-5b34-bef8-ebb274ff42d2,W-003,BB:00:00:00:00:03,2026-01-05,17,Z01,ACCESS,SUPPORT,2026-01-05T19:53:00.000+00:00,2026-01-05T19:58:00.000+00:00,300,DIGITAL_TWIN_GROUND_TRUTH,digital-twin-ground-truth-v1
abcbd7ba-fc78-5b34-bef8-ebb274ff42d2,W-001,BB:00:00:00:00:01,2026-01-06,1,Z01,ACCESS,SUPPORT,2026-01-06T11:03:00.000+00:00,2026-01-06T11:06:00.000+00:00,180,DIGITAL_TWIN_GROUND_TRUTH,digital-twin-ground-truth-v1
abcbd7ba-fc78-5b34-bef8-ebb274ff42d2,W-001,BB:00:00:00:00:01,2026-01-06,2,Z00,UNDEFINED,UNKNOWN,2026-01-06T11:06:00.000+00:00,2026-01-06T11:08:00.000+00:00,120,DIGITAL_TWIN_GROUND_TRUTH,digital-twin-ground-truth-v1
abcbd7ba-fc78-5b34-bef8-ebb274ff42d2,W-001,BB:00:00:00:00:01,2026-01-06,3,Z02,CHANGE_HOUSE,NON_PRODUCTIVE_PLANNED,2026-01-06T11:08:00.000+00:00,2026-01-06T11:17:00.000+00:00,540,DIGITAL_TWIN_GROUND_TRUTH,digital-twin-ground-truth-v1
abcbd7ba-fc78-5b34-bef8-ebb274ff42d2,W-001,BB:00:00:00:00:01,2026-01-06,4,Z00,UNDEFINED,UNKNOWN,2026-01-06T11:17:00.000+00:00,2026-01-06T11:20:00.000+00:00,180,DIGITAL_TWIN_GROUND_TRUTH,digital-twin-ground-truth-v1
abcbd7ba-fc78-5b34-bef8-ebb274ff42d2,W-001,BB:00:00:00:00:01,2026-01-06,5,Z03,INSTRUCTIONS,NON_PRODUCTIVE_PLANNED,2026-01-06T11:20:00.000+00:00,2026-01-06T11:36:00.000+00:00,960,DIGITAL_TWIN_GROUND_TRUTH,digital-twin-ground-truth-v1
abcbd7ba-fc78-5b34-bef8-ebb274ff42d2,W-001,BB:00:00:00:00:01,2026-01-06,6,Z00,UNDEFINED,UNKNOWN,2026-01-06T11:36:00.000+00:00,2026-01-06T11:38:00.000+00:00,120,DIGITAL_TWIN_GROUND_TRUTH,digital-twin-ground-truth-v1
abcbd7ba-fc78-5b34-bef8-ebb274ff42d2,W-001,BB:00:00:00:00:01,2026-01-06,7,Z04,TOOLS,NON_PRODUCTIVE_INFERRED,2026-01-06T11:38:00.000+00:00,2026-01-06T11:45:00.000+00:00,420,DIGITAL_TWIN_GROUND_TRUTH,digital-twin-ground-truth-v1
abcbd7ba-fc78-5b34-bef8-ebb274ff42d2,W-001,BB:00:00:00:00:01,2026-01-06,8,Z00,UNDEFINED,UNKNOWN,2026-01-06T11:45:00.000+00:00,2026-01-06T11:46:00.000+00:00,60,DIGITAL_TWIN_GROUND_TRUTH,digital-twin-ground-truth-v1
abcbd7ba-fc78-5b34-bef8-ebb274ff42d2,W-001,BB:00:00:00:00:01,2026-01-06,9,Z05-C,WORK_FACE,PRODUCTIVE,2026-01-06T11:46:00.000+00:00,2026-01-06T14:58:00.000+00:00,11520,DIGITAL_TWIN_GROUND_TRUTH,digital-twin-ground-truth-v1
abcbd7ba-fc78-5b34-bef8-ebb274ff42d2,W-001,BB:00:00:00:00:01,2026-01-06,10,Z06,LUNCH,BREAK,2026-01-06T14:58:00.000+00:00,2026-01-06T15:34:00.000+00:00,2160,DIGITAL_TWIN_GROUND_TRUTH,digital-twin-ground-truth-v1
abcbd7ba-fc78-5b34-bef8-ebb274ff42d2,W-001,BB:00:00:00:00:01,2026-01-06,11,Z00,UNDEFINED,UNKNOWN,2026-01-06T15:34:00.000+00:00,2026-01-06T15:36:00.000+00:00,120,DIGITAL_TWIN_GROUND_TRUTH,digital-twin-ground-truth-v1
abcbd7ba-fc78-5b34-bef8-ebb274ff42d2,W-001,BB:00:00:00:00:01,2026-01-06,12,Z05-A,WORK_FACE,PRODUCTIVE,2026-01-06T15:36:00.000+00:00,2026-01-06T19:44:00.000+00:00,14880,DIGITAL_TWIN_GROUND_TRUTH,digital-twin-ground-truth-v1
abcbd7ba-fc78-5b34-bef8-ebb274ff42d2,W-001,BB:00:00:00:00:01,2026-01-06,13,Z00,UNDEFINED,UNKNOWN,2026-01-06T19:44:00.000+00:00,2026-01-06T19:46:00.000+00:00,120,DIGITAL_TWIN_GROUND_TRUTH,digital-twin-ground-truth-v1
abcbd7ba-fc78-5b34-bef8-ebb274ff42d2,W-001,BB:00:00:00:00:01,2026-01-06,14,Z04,TOOLS,NON_PRODUCTIVE_INFERRED,2026-01-06T19:46:00.000+00:00,2026-01-06T19:51:00.000+00:00,300,DIGITAL_TWIN_GROUND_TRUTH,digital-twin-ground-truth-v1
abcbd7ba-fc78-5b34-bef8-ebb274ff42d2,W-001,BB:00:00:00:00:01,2026-01-06,15,Z00,UNDEFINED,UNKNOWN,2026-01-06T19:51:00.000+00:00,2026-01-06T19:52:00.000+00:00,60,DIGITAL_TWIN_GROUND_TRUTH,digital-twin-ground-truth-v1
abcbd7ba-fc78-5b34-bef8-ebb274ff42d2,W-001,BB:00:00:00:00:01,2026-01-06,16,Z02,CHANGE_HOUSE,NON_PRODUCTIVE_PLANNED,2026-01-06T19:52:00.000+00:00,2026-01-06T19:58:00.000+00:00,360,DIGITAL_TWIN_GROUND_TRUTH,digital-twin-ground-truth-v1
abcbd7ba-fc78-5b34-bef8-ebb274ff42d2,W-001,BB:00:00:00:00:01,2026-01-06,17,Z01,ACCESS,SUPPORT,2026-01-06T19:58:00.000+00:00,2026-01-06T20:03:00.000+00:00,300,DIGITAL_TWIN_GROUND_TRUTH,digital-twin-ground-truth-v1
abcbd7ba-fc78-5b34-bef8-ebb274ff42d2,W-002,BB:00:00:00:00:02,2026-01-06,1,Z01,ACCESS,SUPPORT,2026-01-06T10:59:00.000+00:00,2026-01-06T11:04:00.000+00:00,300,DIGITAL_TWIN_GROUND_TRUTH,digital-twin-ground-truth-v1
abcbd7ba-fc78-5b34-bef8-ebb274ff42d2,W-002,BB:00:00:00:00:02,2026-01-06,2,Z00,UNDEFINED,UNKNOWN,2026-01-06T11:04:00.000+00:00,2026-01-06T11:05:00.000+00:00,60,DIGITAL_TWIN_GROUND_TRUTH,digital-twin-ground-truth-v1
abcbd7ba-fc78-5b34-bef8-ebb274ff42d2,W-002,BB:00:00:00:00:02,2026-01-06,3,Z02,CHANGE_HOUSE,NON_PRODUCTIVE_PLANNED,2026-01-06T11:05:00.000+00:00,2026-01-06T11:16:00.000+00:00,660,DIGITAL_TWIN_GROUND_TRUTH,digital-twin-ground-truth-v1
abcbd7ba-fc78-5b34-bef8-ebb274ff42d2,W-002,BB:00:00:00:00:02,2026-01-06,4,Z00,UNDEFINED,UNKNOWN,2026-01-06T11:16:00.000+00:00,2026-01-06T11:17:00.000+00:00,60,DIGITAL_TWIN_GROUND_TRUTH,digital-twin-ground-truth-v1
abcbd7ba-fc78-5b34-bef8-ebb274ff42d2,W-002,BB:00:00:00:00:02,2026-01-06,5,Z03,INSTRUCTIONS,NON_PRODUCTIVE_PLANNED,2026-01-06T11:17:00.000+00:00,2026-01-06T11:37:00.000+00:00,1200,DIGITAL_TWIN_GROUND_TRUTH,digital-twin-ground-truth-v1
abcbd7ba-fc78-5b34-bef8-ebb274ff42d2,W-002,BB:00:00:00:00:02,2026-01-06,6,Z00,UNDEFINED,UNKNOWN,2026-01-06T11:37:00.000+00:00,2026-01-06T11:38:00.000+00:00,60,DIGITAL_TWIN_GROUND_TRUTH,digital-twin-ground-truth-v1
abcbd7ba-fc78-5b34-bef8-ebb274ff42d2,W-002,BB:00:00:00:00:02,2026-01-06,7,Z04,TOOLS,NON_PRODUCTIVE_INFERRED,2026-01-06T11:38:00.000+00:00,2026-01-06T11:45:00.000+00:00,420,DIGITAL_TWIN_GROUND_TRUTH,digital-twin-ground-truth-v1
abcbd7ba-fc78-5b34-bef8-ebb274ff42d2,W-002,BB:00:00:00:00:02,2026-01-06,8,Z00,UNDEFINED,UNKNOWN,2026-01-06T11:45:00.000+00:00,2026-01-06T11:47:00.000+00:00,120,DIGITAL_TWIN_GROUND_TRUTH,digital-twin-ground-truth-v1
abcbd7ba-fc78-5b34-bef8-ebb274ff42d2,W-002,BB:00:00:00:00:02,2026-01-06,9,Z05-B,WORK_FACE,PRODUCTIVE,2026-01-06T11:47:00.000+00:00,2026-01-06T15:01:00.000+00:00,11640,DIGITAL_TWIN_GROUND_TRUTH,digital-twin-ground-truth-v1
abcbd7ba-fc78-5b34-bef8-ebb274ff42d2,W-002,BB:00:00:00:00:02,2026-01-06,10,Z06,LUNCH,BREAK,2026-01-06T15:01:00.000+00:00,2026-01-06T15:37:00.000+00:00,2160,DIGITAL_TWIN_GROUND_TRUTH,digital-twin-ground-truth-v1
abcbd7ba-fc78-5b34-bef8-ebb274ff42d2,W-002,BB:00:00:00:00:02,2026-01-06,11,Z00,UNDEFINED,UNKNOWN,2026-01-06T15:37:00.000+00:00,2026-01-06T15:39:00.000+00:00,120,DIGITAL_TWIN_GROUND_TRUTH,digital-twin-ground-truth-v1
abcbd7ba-fc78-5b34-bef8-ebb274ff42d2,W-002,BB:00:00:00:00:02,2026-01-06,12,Z05-C,WORK_FACE,PRODUCTIVE,2026-01-06T15:39:00.000+00:00,2026-01-06T19:37:00.000+00:00,14280,DIGITAL_TWIN_GROUND_TRUTH,digital-twin-ground-truth-v1
abcbd7ba-fc78-5b34-bef8-ebb274ff42d2,W-002,BB:00:00:00:00:02,2026-01-06,13,Z00,UNDEFINED,UNKNOWN,2026-01-06T19:37:00.000+00:00,2026-01-06T19:39:00.000+00:00,120,DIGITAL_TWIN_GROUND_TRUTH,digital-twin-ground-truth-v1
abcbd7ba-fc78-5b34-bef8-ebb274ff42d2,W-002,BB:00:00:00:00:02,2026-01-06,14,Z04,TOOLS,NON_PRODUCTIVE_INFERRED,2026-01-06T19:39:00.000+00:00,2026-01-06T19:43:00.000+00:00,240,DIGITAL_TWIN_GROUND_TRUTH,digital-twin-ground-truth-v1
abcbd7ba-fc78-5b34-bef8-ebb274ff42d2,W-002,BB:00:00:00:00:02,2026-01-06,15,Z00,UNDEFINED,UNKNOWN,2026-01-06T19:43:00.000+00:00,2026-01-06T19:44:00.000+00:00,60,DIGITAL_TWIN_GROUND_TRUTH,digital-twin-ground-truth-v1
abcbd7ba-fc78-5b34-bef8-ebb274ff42d2,W-002,BB:00:00:00:00:02,2026-01-06,16,Z02,CHANGE_HOUSE,NON_PRODUCTIVE_PLANNED,2026-01-06T19:44:00.000+00:00,2026-01-06T19:54:00.000+00:00,600,DIGITAL_TWIN_GROUND_TRUTH,digital-twin-ground-truth-v1
abcbd7ba-fc78-5b34-bef8-ebb274ff42d2,W-002,BB:00:00:00:00:02,2026-01-06,17,Z01,ACCESS,SUPPORT,2026-01-06T19:54:00.000+00:00,2026-01-06T19:59:00.000+00:00,300,DIGITAL_TWIN_GROUND_TRUTH,digital-twin-ground-truth-v1
abcbd7ba-fc78-5b34-bef8-ebb274ff42d2,W-003,BB:00:00:00:00:03,2026-01-06,1,Z01,ACCESS,SUPPORT,2026-01-06T11:08:00.000+00:00,2026-01-06T11:13:00.000+00:00,300,DIGITAL_TWIN_GROUND_TRUTH,digital-twin-ground-truth-v1
abcbd7ba-fc78-5b34-bef8-ebb274ff42d2,W-003,BB:00:00:00:00:03,2026-01-06,2,Z00,UNDEFINED,UNKNOWN,2026-01-06T11:13:00.000+00:00,2026-01-06T11:14:00.000+00:00,60,DIGITAL_TWIN_GROUND_TRUTH,digital-twin-ground-truth-v1
abcbd7ba-fc78-5b34-bef8-ebb274ff42d2,W-003,BB:00:00:00:00:03,2026-01-06,3,Z02,CHANGE_HOUSE,NON_PRODUCTIVE_PLANNED,2026-01-06T11:14:00.000+00:00,2026-01-06T11:29:00.000+00:00,900,DIGITAL_TWIN_GROUND_TRUTH,digital-twin-ground-truth-v1
abcbd7ba-fc78-5b34-bef8-ebb274ff42d2,W-003,BB:00:00:00:00:03,2026-01-06,4,Z00,UNDEFINED,UNKNOWN,2026-01-06T11:29:00.000+00:00,2026-01-06T11:30:00.000+00:00,60,DIGITAL_TWIN_GROUND_TRUTH,digital-twin-ground-truth-v1
abcbd7ba-fc78-5b34-bef8-ebb274ff42d2,W-003,BB:00:00:00:00:03,2026-01-06,5,Z03,INSTRUCTIONS,NON_PRODUCTIVE_PLANNED,2026-01-06T11:30:00.000+00:00,2026-01-06T11:42:00.000+00:00,720,DIGITAL_TWIN_GROUND_TRUTH,digital-twin-ground-truth-v1
abcbd7ba-fc78-5b34-bef8-ebb274ff42d2,W-003,BB:00:00:00:00:03,2026-01-06,6,Z00,UNDEFINED,UNKNOWN,2026-01-06T11:42:00.000+00:00,2026-01-06T11:45:00.000+00:00,180,DIGITAL_TWIN_GROUND_TRUTH,digital-twin-ground-truth-v1
abcbd7ba-fc78-5b34-bef8-ebb274ff42d2,W-003,BB:00:00:00:00:03,2026-01-06,7,Z04,TOOLS,NON_PRODUCTIVE_INFERRED,2026-01-06T11:45:00.000+00:00,2026-01-06T11:52:00.000+00:00,420,DIGITAL_TWIN_GROUND_TRUTH,digital-twin-ground-truth-v1
abcbd7ba-fc78-5b34-bef8-ebb274ff42d2,W-003,BB:00:00:00:00:03,2026-01-06,8,Z00,UNDEFINED,UNKNOWN,2026-01-06T11:52:00.000+00:00,2026-01-06T11:55:00.000+00:00,180,DIGITAL_TWIN_GROUND_TRUTH,digital-twin-ground-truth-v1
abcbd7ba-fc78-5b34-bef8-ebb274ff42d2,W-003,BB:00:00:00:00:03,2026-01-06,9,Z05-B,WORK_FACE,PRODUCTIVE,2026-01-06T11:55:00.000+00:00,2026-01-06T15:02:00.000+00:00,11220,DIGITAL_TWIN_GROUND_TRUTH,digital-twin-ground-truth-v1
abcbd7ba-fc78-5b34-bef8-ebb274ff42d2,W-003,BB:00:00:00:00:03,2026-01-06,10,Z06,LUNCH,BREAK,2026-01-06T15:02:00.000+00:00,2026-01-06T15:38:00.000+00:00,2160,DIGITAL_TWIN_GROUND_TRUTH,digital-twin-ground-truth-v1
abcbd7ba-fc78-5b34-bef8-ebb274ff42d2,W-003,BB:00:00:00:00:03,2026-01-06,11,Z05-B,WORK_FACE,PRODUCTIVE,2026-01-06T15:38:00.000+00:00,2026-01-06T19:42:00.000+00:00,14640,DIGITAL_TWIN_GROUND_TRUTH,digital-twin-ground-truth-v1
abcbd7ba-fc78-5b34-bef8-ebb274ff42d2,W-003,BB:00:00:00:00:03,2026-01-06,12,Z00,UNDEFINED,UNKNOWN,2026-01-06T19:42:00.000+00:00,2026-01-06T19:44:00.000+00:00,120,DIGITAL_TWIN_GROUND_TRUTH,digital-twin-ground-truth-v1
abcbd7ba-fc78-5b34-bef8-ebb274ff42d2,W-003,BB:00:00:00:00:03,2026-01-06,13,Z04,TOOLS,NON_PRODUCTIVE_INFERRED,2026-01-06T19:44:00.000+00:00,2026-01-06T19:51:00.000+00:00,420,DIGITAL_TWIN_GROUND_TRUTH,digital-twin-ground-truth-v1
abcbd7ba-fc78-5b34-bef8-ebb274ff42d2,W-003,BB:00:00:00:00:03,2026-01-06,14,Z00,UNDEFINED,UNKNOWN,2026-01-06T19:51:00.000+00:00,2026-01-06T19:54:00.000+00:00,180,DIGITAL_TWIN_GROUND_TRUTH,digital-twin-ground-truth-v1
abcbd7ba-fc78-5b34-bef8-ebb274ff42d2,W-003,BB:00:00:00:00:03,2026-01-06,15,Z02,CHANGE_HOUSE,NON_PRODUCTIVE_PLANNED,2026-01-06T19:54:00.000+00:00,2026-01-06T20:03:00.000+00:00,540,DIGITAL_TWIN_GROUND_TRUTH,digital-twin-ground-truth-v1
abcbd7ba-fc78-5b34-bef8-ebb274ff42d2,W-003,BB:00:00:00:00:03,2026-01-06,16,Z01,ACCESS,SUPPORT,2026-01-06T20:03:00.000+00:00,2026-01-06T20:08:00.000+00:00,300,DIGITAL_TWIN_GROUND_TRUTH,digital-twin-ground-truth-v1
abcbd7ba-fc78-5b34-bef8-ebb274ff42d2,W-001,BB:00:00:00:00:01,2026-01-07,1,Z01,ACCESS,SUPPORT,2026-01-07T11:01:00.000+00:00,2026-01-07T11:04:00.000+00:00,180,DIGITAL_TWIN_GROUND_TRUTH,digital-twin-ground-truth-v1
abcbd7ba-fc78-5b34-bef8-ebb274ff42d2,W-001,BB:00:00:00:00:01,2026-01-07,2,Z00,UNDEFINED,UNKNOWN,2026-01-07T11:04:00.000+00:00,2026-01-07T11:07:00.000+00:00,180,DIGITAL_TWIN_GROUND_TRUTH,digital-twin-ground-truth-v1
abcbd7ba-fc78-5b34-bef8-ebb274ff42d2,W-001,BB:00:00:00:00:01,2026-01-07,3,Z02,CHANGE_HOUSE,NON_PRODUCTIVE_PLANNED,2026-01-07T11:07:00.000+00:00,2026-01-07T11:17:00.000+00:00,600,DIGITAL_TWIN_GROUND_TRUTH,digital-twin-ground-truth-v1
abcbd7ba-fc78-5b34-bef8-ebb274ff42d2,W-001,BB:00:00:00:00:01,2026-01-07,4,Z00,UNDEFINED,UNKNOWN,2026-01-07T11:17:00.000+00:00,2026-01-07T11:19:00.000+00:00,120,DIGITAL_TWIN_GROUND_TRUTH,digital-twin-ground-truth-v1
abcbd7ba-fc78-5b34-bef8-ebb274ff42d2,W-001,BB:00:00:00:00:01,2026-01-07,5,Z03,INSTRUCTIONS,NON_PRODUCTIVE_PLANNED,2026-01-07T11:19:00.000+00:00,2026-01-07T11:39:00.000+00:00,1200,DIGITAL_TWIN_GROUND_TRUTH,digital-twin-ground-truth-v1
abcbd7ba-fc78-5b34-bef8-ebb274ff42d2,W-001,BB:00:00:00:00:01,2026-01-07,6,Z00,UNDEFINED,UNKNOWN,2026-01-07T11:39:00.000+00:00,2026-01-07T11:42:00.000+00:00,180,DIGITAL_TWIN_GROUND_TRUTH,digital-twin-ground-truth-v1
abcbd7ba-fc78-5b34-bef8-ebb274ff42d2,W-001,BB:00:00:00:00:01,2026-01-07,7,Z04,TOOLS,NON_PRODUCTIVE_INFERRED,2026-01-07T11:42:00.000+00:00,2026-01-07T11:48:00.000+00:00,360,DIGITAL_TWIN_GROUND_TRUTH,digital-twin-ground-truth-v1
abcbd7ba-fc78-5b34-bef8-ebb274ff42d2,W-001,BB:00:00:00:00:01,2026-01-07,8,Z00,UNDEFINED,UNKNOWN,2026-01-07T11:48:00.000+00:00,2026-01-07T11:49:00.000+00:00,60,DIGITAL_TWIN_GROUND_TRUTH,digital-twin-ground-truth-v1
abcbd7ba-fc78-5b34-bef8-ebb274ff42d2,W-001,BB:00:00:00:00:01,2026-01-07,9,Z05-C,WORK_FACE,PRODUCTIVE,2026-01-07T11:49:00.000+00:00,2026-01-07T14:51:00.000+00:00,10920,DIGITAL_TWIN_GROUND_TRUTH,digital-twin-ground-truth-v1
abcbd7ba-fc78-5b34-bef8-ebb274ff42d2,W-001,BB:00:00:00:00:01,2026-01-07,10,Z06,LUNCH,BREAK,2026-01-07T14:51:00.000+00:00,2026-01-07T15:27:00.000+00:00,2160,DIGITAL_TWIN_GROUND_TRUTH,digital-twin-ground-truth-v1
abcbd7ba-fc78-5b34-bef8-ebb274ff42d2,W-001,BB:00:00:00:00:01,2026-01-07,11,Z05-C,WORK_FACE,PRODUCTIVE,2026-01-07T15:27:00.000+00:00,2026-01-07T19:36:00.000+00:00,14940,DIGITAL_TWIN_GROUND_TRUTH,digital-twin-ground-truth-v1
abcbd7ba-fc78-5b34-bef8-ebb274ff42d2,W-001,BB:00:00:00:00:01,2026-01-07,12,Z00,UNDEFINED,UNKNOWN,2026-01-07T19:36:00.000+00:00,2026-01-07T19:38:00.000+00:00,120,DIGITAL_TWIN_GROUND_TRUTH,digital-twin-ground-truth-v1
abcbd7ba-fc78-5b34-bef8-ebb274ff42d2,W-001,BB:00:00:00:00:01,2026-01-07,13,Z04,TOOLS,NON_PRODUCTIVE_INFERRED,2026-01-07T19:38:00.000+00:00,2026-01-07T19:44:00.000+00:00,360,DIGITAL_TWIN_GROUND_TRUTH,digital-twin-ground-truth-v1
abcbd7ba-fc78-5b34-bef8-ebb274ff42d2,W-001,BB:00:00:00:00:01,2026-01-07,14,Z00,UNDEFINED,UNKNOWN,2026-01-07T19:44:00.000+00:00,2026-01-07T19:47:00.000+00:00,180,DIGITAL_TWIN_GROUND_TRUTH,digital-twin-ground-truth-v1
abcbd7ba-fc78-5b34-bef8-ebb274ff42d2,W-001,BB:00:00:00:00:01,2026-01-07,15,Z02,CHANGE_HOUSE,NON_PRODUCTIVE_PLANNED,2026-01-07T19:47:00.000+00:00,2026-01-07T19:57:00.000+00:00,600,DIGITAL_TWIN_GROUND_TRUTH,digital-twin-ground-truth-v1
abcbd7ba-fc78-5b34-bef8-ebb274ff42d2,W-001,BB:00:00:00:00:01,2026-01-07,16,Z01,ACCESS,SUPPORT,2026-01-07T19:57:00.000+00:00,2026-01-07T20:01:00.000+00:00,240,DIGITAL_TWIN_GROUND_TRUTH,digital-twin-ground-truth-v1
abcbd7ba-fc78-5b34-bef8-ebb274ff42d2,W-002,BB:00:00:00:00:02,2026-01-07,1,Z01,ACCESS,SUPPORT,2026-01-07T11:01:00.000+00:00,2026-01-07T11:04:00.000+00:00,180,DIGITAL_TWIN_GROUND_TRUTH,digital-twin-ground-truth-v1
abcbd7ba-fc78-5b34-bef8-ebb274ff42d2,W-002,BB:00:00:00:00:02,2026-01-07,2,Z00,UNDEFINED,UNKNOWN,2026-01-07T11:04:00.000+00:00,2026-01-07T11:05:00.000+00:00,60,DIGITAL_TWIN_GROUND_TRUTH,digital-twin-ground-truth-v1
abcbd7ba-fc78-5b34-bef8-ebb274ff42d2,W-002,BB:00:00:00:00:02,2026-01-07,3,Z02,CHANGE_HOUSE,NON_PRODUCTIVE_PLANNED,2026-01-07T11:05:00.000+00:00,2026-01-07T11:17:00.000+00:00,720,DIGITAL_TWIN_GROUND_TRUTH,digital-twin-ground-truth-v1
abcbd7ba-fc78-5b34-bef8-ebb274ff42d2,W-002,BB:00:00:00:00:02,2026-01-07,4,Z00,UNDEFINED,UNKNOWN,2026-01-07T11:17:00.000+00:00,2026-01-07T11:19:00.000+00:00,120,DIGITAL_TWIN_GROUND_TRUTH,digital-twin-ground-truth-v1
abcbd7ba-fc78-5b34-bef8-ebb274ff42d2,W-002,BB:00:00:00:00:02,2026-01-07,5,Z03,INSTRUCTIONS,NON_PRODUCTIVE_PLANNED,2026-01-07T11:19:00.000+00:00,2026-01-07T11:39:00.000+00:00,1200,DIGITAL_TWIN_GROUND_TRUTH,digital-twin-ground-truth-v1
abcbd7ba-fc78-5b34-bef8-ebb274ff42d2,W-002,BB:00:00:00:00:02,2026-01-07,6,Z00,UNDEFINED,UNKNOWN,2026-01-07T11:39:00.000+00:00,2026-01-07T11:41:00.000+00:00,120,DIGITAL_TWIN_GROUND_TRUTH,digital-twin-ground-truth-v1
abcbd7ba-fc78-5b34-bef8-ebb274ff42d2,W-002,BB:00:00:00:00:02,2026-01-07,7,Z04,TOOLS,NON_PRODUCTIVE_INFERRED,2026-01-07T11:41:00.000+00:00,2026-01-07T11:48:00.000+00:00,420,DIGITAL_TWIN_GROUND_TRUTH,digital-twin-ground-truth-v1
abcbd7ba-fc78-5b34-bef8-ebb274ff42d2,W-002,BB:00:00:00:00:02,2026-01-07,8,Z00,UNDEFINED,UNKNOWN,2026-01-07T11:48:00.000+00:00,2026-01-07T11:49:00.000+00:00,60,DIGITAL_TWIN_GROUND_TRUTH,digital-twin-ground-truth-v1
abcbd7ba-fc78-5b34-bef8-ebb274ff42d2,W-002,BB:00:00:00:00:02,2026-01-07,9,Z05-C,WORK_FACE,PRODUCTIVE,2026-01-07T11:49:00.000+00:00,2026-01-07T15:11:00.000+00:00,12120,DIGITAL_TWIN_GROUND_TRUTH,digital-twin-ground-truth-v1
abcbd7ba-fc78-5b34-bef8-ebb274ff42d2,W-002,BB:00:00:00:00:02,2026-01-07,10,Z06,LUNCH,BREAK,2026-01-07T15:11:00.000+00:00,2026-01-07T15:47:00.000+00:00,2160,DIGITAL_TWIN_GROUND_TRUTH,digital-twin-ground-truth-v1
abcbd7ba-fc78-5b34-bef8-ebb274ff42d2,W-002,BB:00:00:00:00:02,2026-01-07,11,Z05-C,WORK_FACE,PRODUCTIVE,2026-01-07T15:47:00.000+00:00,2026-01-07T19:39:00.000+00:00,13920,DIGITAL_TWIN_GROUND_TRUTH,digital-twin-ground-truth-v1
abcbd7ba-fc78-5b34-bef8-ebb274ff42d2,W-002,BB:00:00:00:00:02,2026-01-07,12,Z00,UNDEFINED,UNKNOWN,2026-01-07T19:39:00.000+00:00,2026-01-07T19:40:00.000+00:00,60,DIGITAL_TWIN_GROUND_TRUTH,digital-twin-ground-truth-v1
abcbd7ba-fc78-5b34-bef8-ebb274ff42d2,W-002,BB:00:00:00:00:02,2026-01-07,13,Z04,TOOLS,NON_PRODUCTIVE_INFERRED,2026-01-07T19:40:00.000+00:00,2026-01-07T19:45:00.000+00:00,300,DIGITAL_TWIN_GROUND_TRUTH,digital-twin-ground-truth-v1
abcbd7ba-fc78-5b34-bef8-ebb274ff42d2,W-002,BB:00:00:00:00:02,2026-01-07,14,Z00,UNDEFINED,UNKNOWN,2026-01-07T19:45:00.000+00:00,2026-01-07T19:48:00.000+00:00,180,DIGITAL_TWIN_GROUND_TRUTH,digital-twin-ground-truth-v1
abcbd7ba-fc78-5b34-bef8-ebb274ff42d2,W-002,BB:00:00:00:00:02,2026-01-07,15,Z02,CHANGE_HOUSE,NON_PRODUCTIVE_PLANNED,2026-01-07T19:48:00.000+00:00,2026-01-07T19:58:00.000+00:00,600,DIGITAL_TWIN_GROUND_TRUTH,digital-twin-ground-truth-v1
abcbd7ba-fc78-5b34-bef8-ebb274ff42d2,W-002,BB:00:00:00:00:02,2026-01-07,16,Z01,ACCESS,SUPPORT,2026-01-07T19:58:00.000+00:00,2026-01-07T20:01:00.000+00:00,180,DIGITAL_TWIN_GROUND_TRUTH,digital-twin-ground-truth-v1
abcbd7ba-fc78-5b34-bef8-ebb274ff42d2,W-003,BB:00:00:00:00:03,2026-01-07,1,Z01,ACCESS,SUPPORT,2026-01-07T10:56:00.000+00:00,2026-01-07T10:59:00.000+00:00,180,DIGITAL_TWIN_GROUND_TRUTH,digital-twin-ground-truth-v1
abcbd7ba-fc78-5b34-bef8-ebb274ff42d2,W-003,BB:00:00:00:00:03,2026-01-07,2,Z00,UNDEFINED,UNKNOWN,2026-01-07T10:59:00.000+00:00,2026-01-07T11:02:00.000+00:00,180,DIGITAL_TWIN_GROUND_TRUTH,digital-twin-ground-truth-v1
abcbd7ba-fc78-5b34-bef8-ebb274ff42d2,W-003,BB:00:00:00:00:03,2026-01-07,3,Z02,CHANGE_HOUSE,NON_PRODUCTIVE_PLANNED,2026-01-07T11:02:00.000+00:00,2026-01-07T11:15:00.000+00:00,780,DIGITAL_TWIN_GROUND_TRUTH,digital-twin-ground-truth-v1
abcbd7ba-fc78-5b34-bef8-ebb274ff42d2,W-003,BB:00:00:00:00:03,2026-01-07,4,Z00,UNDEFINED,UNKNOWN,2026-01-07T11:15:00.000+00:00,2026-01-07T11:16:00.000+00:00,60,DIGITAL_TWIN_GROUND_TRUTH,digital-twin-ground-truth-v1
abcbd7ba-fc78-5b34-bef8-ebb274ff42d2,W-003,BB:00:00:00:00:03,2026-01-07,5,Z03,INSTRUCTIONS,NON_PRODUCTIVE_PLANNED,2026-01-07T11:16:00.000+00:00,2026-01-07T11:28:00.000+00:00,720,DIGITAL_TWIN_GROUND_TRUTH,digital-twin-ground-truth-v1
abcbd7ba-fc78-5b34-bef8-ebb274ff42d2,W-003,BB:00:00:00:00:03,2026-01-07,6,Z00,UNDEFINED,UNKNOWN,2026-01-07T11:28:00.000+00:00,2026-01-07T11:31:00.000+00:00,180,DIGITAL_TWIN_GROUND_TRUTH,digital-twin-ground-truth-v1
abcbd7ba-fc78-5b34-bef8-ebb274ff42d2,W-003,BB:00:00:00:00:03,2026-01-07,7,Z04,TOOLS,NON_PRODUCTIVE_INFERRED,2026-01-07T11:31:00.000+00:00,2026-01-07T11:40:00.000+00:00,540,DIGITAL_TWIN_GROUND_TRUTH,digital-twin-ground-truth-v1
abcbd7ba-fc78-5b34-bef8-ebb274ff42d2,W-003,BB:00:00:00:00:03,2026-01-07,8,Z00,UNDEFINED,UNKNOWN,2026-01-07T11:40:00.000+00:00,2026-01-07T11:42:00.000+00:00,120,DIGITAL_TWIN_GROUND_TRUTH,digital-twin-ground-truth-v1
abcbd7ba-fc78-5b34-bef8-ebb274ff42d2,W-003,BB:00:00:00:00:03,2026-01-07,9,Z05-A,WORK_FACE,PRODUCTIVE,2026-01-07T11:42:00.000+00:00,2026-01-07T14:48:00.000+00:00,11160,DIGITAL_TWIN_GROUND_TRUTH,digital-twin-ground-truth-v1
abcbd7ba-fc78-5b34-bef8-ebb274ff42d2,W-003,BB:00:00:00:00:03,2026-01-07,10,Z06,LUNCH,BREAK,2026-01-07T14:48:00.000+00:00,2026-01-07T15:24:00.000+00:00,2160,DIGITAL_TWIN_GROUND_TRUTH,digital-twin-ground-truth-v1
abcbd7ba-fc78-5b34-bef8-ebb274ff42d2,W-003,BB:00:00:00:00:03,2026-01-07,11,Z00,UNDEFINED,UNKNOWN,2026-01-07T15:24:00.000+00:00,2026-01-07T15:26:00.000+00:00,120,DIGITAL_TWIN_GROUND_TRUTH,digital-twin-ground-truth-v1
abcbd7ba-fc78-5b34-bef8-ebb274ff42d2,W-003,BB:00:00:00:00:03,2026-01-07,12,Z05-B,WORK_FACE,PRODUCTIVE,2026-01-07T15:26:00.000+00:00,2026-01-07T19:38:00.000+00:00,15120,DIGITAL_TWIN_GROUND_TRUTH,digital-twin-ground-truth-v1
abcbd7ba-fc78-5b34-bef8-ebb274ff42d2,W-003,BB:00:00:00:00:03,2026-01-07,13,Z00,UNDEFINED,UNKNOWN,2026-01-07T19:38:00.000+00:00,2026-01-07T19:39:00.000+00:00,60,DIGITAL_TWIN_GROUND_TRUTH,digital-twin-ground-truth-v1
abcbd7ba-fc78-5b34-bef8-ebb274ff42d2,W-003,BB:00:00:00:00:03,2026-01-07,14,Z04,TOOLS,NON_PRODUCTIVE_INFERRED,2026-01-07T19:39:00.000+00:00,2026-01-07T19:44:00.000+00:00,300,DIGITAL_TWIN_GROUND_TRUTH,digital-twin-ground-truth-v1
abcbd7ba-fc78-5b34-bef8-ebb274ff42d2,W-003,BB:00:00:00:00:03,2026-01-07,15,Z00,UNDEFINED,UNKNOWN,2026-01-07T19:44:00.000+00:00,2026-01-07T19:45:00.000+00:00,60,DIGITAL_TWIN_GROUND_TRUTH,digital-twin-ground-truth-v1
abcbd7ba-fc78-5b34-bef8-ebb274ff42d2,W-003,BB:00:00:00:00:03,2026-01-07,16,Z02,CHANGE_HOUSE,NON_PRODUCTIVE_PLANNED,2026-01-07T19:45:00.000+00:00,2026-01-07T19:53:00.000+00:00,480,DIGITAL_TWIN_GROUND_TRUTH,digital-twin-ground-truth-v1
abcbd7ba-fc78-5b34-bef8-ebb274ff42d2,W-003,BB:00:00:00:00:03,2026-01-07,17,Z01,ACCESS,SUPPORT,2026-01-07T19:53:00.000+00:00,2026-01-07T19:56:00.000+00:00,180,DIGITAL_TWIN_GROUND_TRUTH,digital-twin-ground-truth-v1
abcbd7ba-fc78-5b34-bef8-ebb274ff42d2,W-001,BB:00:00:00:00:01,2026-01-08,1,Z01,ACCESS,SUPPORT,2026-01-08T10:56:00.000+00:00,2026-01-08T10:59:00.000+00:00,180,DIGITAL_TWIN_GROUND_TRUTH,digital-twin-ground-truth-v1
abcbd7ba-fc78-5b34-bef8-ebb274ff42d2,W-001,BB:00:00:00:00:01,2026-01-08,2,Z00,UNDEFINED,UNKNOWN,2026-01-08T10:59:00.000+00:00,2026-01-08T11:01:00.000+00:00,120,DIGITAL_TWIN_GROUND_TRUTH,digital-twin-ground-truth-v1
abcbd7ba-fc78-5b34-bef8-ebb274ff42d2,W-001,BB:00:00:00:00:01,2026-01-08,3,Z02,CHANGE_HOUSE,NON_PRODUCTIVE_PLANNED,2026-01-08T11:01:00.000+00:00,2026-01-08T11:11:00.000+00:00,600,DIGITAL_TWIN_GROUND_TRUTH,digital-twin-ground-truth-v1
abcbd7ba-fc78-5b34-bef8-ebb274ff42d2,W-001,BB:00:00:00:00:01,2026-01-08,4,Z00,UNDEFINED,UNKNOWN,2026-01-08T11:11:00.000+00:00,2026-01-08T11:14:00.000+00:00,180,DIGITAL_TWIN_GROUND_TRUTH,digital-twin-ground-truth-v1
abcbd7ba-fc78-5b34-bef8-ebb274ff42d2,W-001,BB:00:00:00:00:01,2026-01-08,5,Z03,INSTRUCTIONS,NON_PRODUCTIVE_PLANNED,2026-01-08T11:14:00.000+00:00,2026-01-08T11:26:00.000+00:00,720,DIGITAL_TWIN_GROUND_TRUTH,digital-twin-ground-truth-v1
abcbd7ba-fc78-5b34-bef8-ebb274ff42d2,W-001,BB:00:00:00:00:01,2026-01-08,6,Z00,UNDEFINED,UNKNOWN,2026-01-08T11:26:00.000+00:00,2026-01-08T11:27:00.000+00:00,60,DIGITAL_TWIN_GROUND_TRUTH,digital-twin-ground-truth-v1
abcbd7ba-fc78-5b34-bef8-ebb274ff42d2,W-001,BB:00:00:00:00:01,2026-01-08,7,Z04,TOOLS,NON_PRODUCTIVE_INFERRED,2026-01-08T11:27:00.000+00:00,2026-01-08T11:37:00.000+00:00,600,DIGITAL_TWIN_GROUND_TRUTH,digital-twin-ground-truth-v1
abcbd7ba-fc78-5b34-bef8-ebb274ff42d2,W-001,BB:00:00:00:00:01,2026-01-08,8,Z00,UNDEFINED,UNKNOWN,2026-01-08T11:37:00.000+00:00,2026-01-08T11:39:00.000+00:00,120,DIGITAL_TWIN_GROUND_TRUTH,digital-twin-ground-truth-v1
abcbd7ba-fc78-5b34-bef8-ebb274ff42d2,W-001,BB:00:00:00:00:01,2026-01-08,9,Z05-C,WORK_FACE,PRODUCTIVE,2026-01-08T11:39:00.000+00:00,2026-01-08T14:58:00.000+00:00,11940,DIGITAL_TWIN_GROUND_TRUTH,digital-twin-ground-truth-v1
abcbd7ba-fc78-5b34-bef8-ebb274ff42d2,W-001,BB:00:00:00:00:01,2026-01-08,10,Z06,LUNCH,BREAK,2026-01-08T14:58:00.000+00:00,2026-01-08T15:34:00.000+00:00,2160,DIGITAL_TWIN_GROUND_TRUTH,digital-twin-ground-truth-v1
abcbd7ba-fc78-5b34-bef8-ebb274ff42d2,W-001,BB:00:00:00:00:01,2026-01-08,11,Z00,UNDEFINED,UNKNOWN,2026-01-08T15:34:00.000+00:00,2026-01-08T15:37:00.000+00:00,180,DIGITAL_TWIN_GROUND_TRUTH,digital-twin-ground-truth-v1
abcbd7ba-fc78-5b34-bef8-ebb274ff42d2,W-001,BB:00:00:00:00:01,2026-01-08,12,Z05-B,WORK_FACE,PRODUCTIVE,2026-01-08T15:37:00.000+00:00,2026-01-08T19:32:00.000+00:00,14100,DIGITAL_TWIN_GROUND_TRUTH,digital-twin-ground-truth-v1
abcbd7ba-fc78-5b34-bef8-ebb274ff42d2,W-001,BB:00:00:00:00:01,2026-01-08,13,Z00,UNDEFINED,UNKNOWN,2026-01-08T19:32:00.000+00:00,2026-01-08T19:35:00.000+00:00,180,DIGITAL_TWIN_GROUND_TRUTH,digital-twin-ground-truth-v1
abcbd7ba-fc78-5b34-bef8-ebb274ff42d2,W-001,BB:00:00:00:00:01,2026-01-08,14,Z04,TOOLS,NON_PRODUCTIVE_INFERRED,2026-01-08T19:35:00.000+00:00,2026-01-08T19:39:00.000+00:00,240,DIGITAL_TWIN_GROUND_TRUTH,digital-twin-ground-truth-v1
abcbd7ba-fc78-5b34-bef8-ebb274ff42d2,W-001,BB:00:00:00:00:01,2026-01-08,15,Z00,UNDEFINED,UNKNOWN,2026-01-08T19:39:00.000+00:00,2026-01-08T19:41:00.000+00:00,120,DIGITAL_TWIN_GROUND_TRUTH,digital-twin-ground-truth-v1
abcbd7ba-fc78-5b34-bef8-ebb274ff42d2,W-001,BB:00:00:00:00:01,2026-01-08,16,Z02,CHANGE_HOUSE,NON_PRODUCTIVE_PLANNED,2026-01-08T19:41:00.000+00:00,2026-01-08T19:51:00.000+00:00,600,DIGITAL_TWIN_GROUND_TRUTH,digital-twin-ground-truth-v1
abcbd7ba-fc78-5b34-bef8-ebb274ff42d2,W-001,BB:00:00:00:00:01,2026-01-08,17,Z01,ACCESS,SUPPORT,2026-01-08T19:51:00.000+00:00,2026-01-08T19:56:00.000+00:00,300,DIGITAL_TWIN_GROUND_TRUTH,digital-twin-ground-truth-v1
abcbd7ba-fc78-5b34-bef8-ebb274ff42d2,W-002,BB:00:00:00:00:02,2026-01-08,1,Z01,ACCESS,SUPPORT,2026-01-08T10:57:00.000+00:00,2026-01-08T11:02:00.000+00:00,300,DIGITAL_TWIN_GROUND_TRUTH,digital-twin-ground-truth-v1
abcbd7ba-fc78-5b34-bef8-ebb274ff42d2,W-002,BB:00:00:00:00:02,2026-01-08,2,Z00,UNDEFINED,UNKNOWN,2026-01-08T11:02:00.000+00:00,2026-01-08T11:03:00.000+00:00,60,DIGITAL_TWIN_GROUND_TRUTH,digital-twin-ground-truth-v1
abcbd7ba-fc78-5b34-bef8-ebb274ff42d2,W-002,BB:00:00:00:00:02,2026-01-08,3,Z02,CHANGE_HOUSE,NON_PRODUCTIVE_PLANNED,2026-01-08T11:03:00.000+00:00,2026-01-08T11:18:00.000+00:00,900,DIGITAL_TWIN_GROUND_TRUTH,digital-twin-ground-truth-v1
abcbd7ba-fc78-5b34-bef8-ebb274ff42d2,W-002,BB:00:00:00:00:02,2026-01-08,4,Z00,UNDEFINED,UNKNOWN,2026-01-08T11:18:00.000+00:00,2026-01-08T11:19:00.000+00:00,60,DIGITAL_TWIN_GROUND_TRUTH,digital-twin-ground-truth-v1
abcbd7ba-fc78-5b34-bef8-ebb274ff42d2,W-002,BB:00:00:00:00:02,2026-01-08,5,Z03,INSTRUCTIONS,NON_PRODUCTIVE_PLANNED,2026-01-08T11:19:00.000+00:00,2026-01-08T11:30:00.000+00:00,660,DIGITAL_TWIN_GROUND_TRUTH,digital-twin-ground-truth-v1
abcbd7ba-fc78-5b34-bef8-ebb274ff42d2,W-002,BB:00:00:00:00:02,2026-01-08,6,Z00,UNDEFINED,UNKNOWN,2026-01-08T11:30:00.000+00:00,2026-01-08T11:32:00.000+00:00,120,DIGITAL_TWIN_GROUND_TRUTH,digital-twin-ground-truth-v1
abcbd7ba-fc78-5b34-bef8-ebb274ff42d2,W-002,BB:00:00:00:00:02,2026-01-08,7,Z04,TOOLS,NON_PRODUCTIVE_INFERRED,2026-01-08T11:32:00.000+00:00,2026-01-08T11:38:00.000+00:00,360,DIGITAL_TWIN_GROUND_TRUTH,digital-twin-ground-truth-v1
abcbd7ba-fc78-5b34-bef8-ebb274ff42d2,W-002,BB:00:00:00:00:02,2026-01-08,8,Z00,UNDEFINED,UNKNOWN,2026-01-08T11:38:00.000+00:00,2026-01-08T11:39:00.000+00:00,60,DIGITAL_TWIN_GROUND_TRUTH,digital-twin-ground-truth-v1
abcbd7ba-fc78-5b34-bef8-ebb274ff42d2,W-002,BB:00:00:00:00:02,2026-01-08,9,Z05-A,WORK_FACE,PRODUCTIVE,2026-01-08T11:39:00.000+00:00,2026-01-08T14:48:00.000+00:00,11340,DIGITAL_TWIN_GROUND_TRUTH,digital-twin-ground-truth-v1
abcbd7ba-fc78-5b34-bef8-ebb274ff42d2,W-002,BB:00:00:00:00:02,2026-01-08,10,Z06,LUNCH,BREAK,2026-01-08T14:48:00.000+00:00,2026-01-08T15:24:00.000+00:00,2160,DIGITAL_TWIN_GROUND_TRUTH,digital-twin-ground-truth-v1
abcbd7ba-fc78-5b34-bef8-ebb274ff42d2,W-002,BB:00:00:00:00:02,2026-01-08,11,Z05-A,WORK_FACE,PRODUCTIVE,2026-01-08T15:24:00.000+00:00,2026-01-08T19:36:00.000+00:00,15120,DIGITAL_TWIN_GROUND_TRUTH,digital-twin-ground-truth-v1
abcbd7ba-fc78-5b34-bef8-ebb274ff42d2,W-002,BB:00:00:00:00:02,2026-01-08,12,Z00,UNDEFINED,UNKNOWN,2026-01-08T19:36:00.000+00:00,2026-01-08T19:39:00.000+00:00,180,DIGITAL_TWIN_GROUND_TRUTH,digital-twin-ground-truth-v1
abcbd7ba-fc78-5b34-bef8-ebb274ff42d2,W-002,BB:00:00:00:00:02,2026-01-08,13,Z04,TOOLS,NON_PRODUCTIVE_INFERRED,2026-01-08T19:39:00.000+00:00,2026-01-08T19:46:00.000+00:00,420,DIGITAL_TWIN_GROUND_TRUTH,digital-twin-ground-truth-v1
abcbd7ba-fc78-5b34-bef8-ebb274ff42d2,W-002,BB:00:00:00:00:02,2026-01-08,14,Z00,UNDEFINED,UNKNOWN,2026-01-08T19:46:00.000+00:00,2026-01-08T19:47:00.000+00:00,60,DIGITAL_TWIN_GROUND_TRUTH,digital-twin-ground-truth-v1
abcbd7ba-fc78-5b34-bef8-ebb274ff42d2,W-002,BB:00:00:00:00:02,2026-01-08,15,Z02,CHANGE_HOUSE,NON_PRODUCTIVE_PLANNED,2026-01-08T19:47:00.000+00:00,2026-01-08T19:54:00.000+00:00,420,DIGITAL_TWIN_GROUND_TRUTH,digital-twin-ground-truth-v1
abcbd7ba-fc78-5b34-bef8-ebb274ff42d2,W-002,BB:00:00:00:00:02,2026-01-08,16,Z01,ACCESS,SUPPORT,2026-01-08T19:54:00.000+00:00,2026-01-08T19:57:00.000+00:00,180,DIGITAL_TWIN_GROUND_TRUTH,digital-twin-ground-truth-v1
abcbd7ba-fc78-5b34-bef8-ebb274ff42d2,W-003,BB:00:00:00:00:03,2026-01-08,1,Z01,ACCESS,SUPPORT,2026-01-08T10:57:00.000+00:00,2026-01-08T11:00:00.000+00:00,180,DIGITAL_TWIN_GROUND_TRUTH,digital-twin-ground-truth-v1
abcbd7ba-fc78-5b34-bef8-ebb274ff42d2,W-003,BB:00:00:00:00:03,2026-01-08,2,Z00,UNDEFINED,UNKNOWN,2026-01-08T11:00:00.000+00:00,2026-01-08T11:01:00.000+00:00,60,DIGITAL_TWIN_GROUND_TRUTH,digital-twin-ground-truth-v1
abcbd7ba-fc78-5b34-bef8-ebb274ff42d2,W-003,BB:00:00:00:00:03,2026-01-08,3,Z02,CHANGE_HOUSE,NON_PRODUCTIVE_PLANNED,2026-01-08T11:01:00.000+00:00,2026-01-08T11:14:00.000+00:00,780,DIGITAL_TWIN_GROUND_TRUTH,digital-twin-ground-truth-v1
abcbd7ba-fc78-5b34-bef8-ebb274ff42d2,W-003,BB:00:00:00:00:03,2026-01-08,4,Z00,UNDEFINED,UNKNOWN,2026-01-08T11:14:00.000+00:00,2026-01-08T11:16:00.000+00:00,120,DIGITAL_TWIN_GROUND_TRUTH,digital-twin-ground-truth-v1
abcbd7ba-fc78-5b34-bef8-ebb274ff42d2,W-003,BB:00:00:00:00:03,2026-01-08,5,Z03,INSTRUCTIONS,NON_PRODUCTIVE_PLANNED,2026-01-08T11:16:00.000+00:00,2026-01-08T11:27:00.000+00:00,660,DIGITAL_TWIN_GROUND_TRUTH,digital-twin-ground-truth-v1
abcbd7ba-fc78-5b34-bef8-ebb274ff42d2,W-003,BB:00:00:00:00:03,2026-01-08,6,Z00,UNDEFINED,UNKNOWN,2026-01-08T11:27:00.000+00:00,2026-01-08T11:30:00.000+00:00,180,DIGITAL_TWIN_GROUND_TRUTH,digital-twin-ground-truth-v1
abcbd7ba-fc78-5b34-bef8-ebb274ff42d2,W-003,BB:00:00:00:00:03,2026-01-08,7,Z04,TOOLS,NON_PRODUCTIVE_INFERRED,2026-01-08T11:30:00.000+00:00,2026-01-08T11:39:00.000+00:00,540,DIGITAL_TWIN_GROUND_TRUTH,digital-twin-ground-truth-v1
abcbd7ba-fc78-5b34-bef8-ebb274ff42d2,W-003,BB:00:00:00:00:03,2026-01-08,8,Z00,UNDEFINED,UNKNOWN,2026-01-08T11:39:00.000+00:00,2026-01-08T11:41:00.000+00:00,120,DIGITAL_TWIN_GROUND_TRUTH,digital-twin-ground-truth-v1
abcbd7ba-fc78-5b34-bef8-ebb274ff42d2,W-003,BB:00:00:00:00:03,2026-01-08,9,Z05-A,WORK_FACE,PRODUCTIVE,2026-01-08T11:41:00.000+00:00,2026-01-08T15:00:00.000+00:00,11940,DIGITAL_TWIN_GROUND_TRUTH,digital-twin-ground-truth-v1
abcbd7ba-fc78-5b34-bef8-ebb274ff42d2,W-003,BB:00:00:00:00:03,2026-01-08,10,Z06,LUNCH,BREAK,2026-01-08T15:00:00.000+00:00,2026-01-08T15:36:00.000+00:00,2160,DIGITAL_TWIN_GROUND_TRUTH,digital-twin-ground-truth-v1
abcbd7ba-fc78-5b34-bef8-ebb274ff42d2,W-003,BB:00:00:00:00:03,2026-01-08,11,Z05-A,WORK_FACE,PRODUCTIVE,2026-01-08T15:36:00.000+00:00,2026-01-08T19:32:00.000+00:00,14160,DIGITAL_TWIN_GROUND_TRUTH,digital-twin-ground-truth-v1
abcbd7ba-fc78-5b34-bef8-ebb274ff42d2,W-003,BB:00:00:00:00:03,2026-01-08,12,Z00,UNDEFINED,UNKNOWN,2026-01-08T19:32:00.000+00:00,2026-01-08T19:35:00.000+00:00,180,DIGITAL_TWIN_GROUND_TRUTH,digital-twin-ground-truth-v1
abcbd7ba-fc78-5b34-bef8-ebb274ff42d2,W-003,BB:00:00:00:00:03,2026-01-08,13,Z04,TOOLS,NON_PRODUCTIVE_INFERRED,2026-01-08T19:35:00.000+00:00,2026-01-08T19:42:00.000+00:00,420,DIGITAL_TWIN_GROUND_TRUTH,digital-twin-ground-truth-v1
abcbd7ba-fc78-5b34-bef8-ebb274ff42d2,W-003,BB:00:00:00:00:03,2026-01-08,14,Z00,UNDEFINED,UNKNOWN,2026-01-08T19:42:00.000+00:00,2026-01-08T19:43:00.000+00:00,60,DIGITAL_TWIN_GROUND_TRUTH,digital-twin-ground-truth-v1
abcbd7ba-fc78-5b34-bef8-ebb274ff42d2,W-003,BB:00:00:00:00:03,2026-01-08,15,Z02,CHANGE_HOUSE,NON_PRODUCTIVE_PLANNED,2026-01-08T19:43:00.000+00:00,2026-01-08T19:53:00.000+00:00,600,DIGITAL_TWIN_GROUND_TRUTH,digital-twin-ground-truth-v1
abcbd7ba-fc78-5b34-bef8-ebb274ff42d2,W-003,BB:00:00:00:00:03,2026-01-08,16,Z01,ACCESS,SUPPORT,2026-01-08T19:53:00.000+00:00,2026-01-08T19:57:00.000+00:00,240,DIGITAL_TWIN_GROUND_TRUTH,digital-twin-ground-truth-v1
abcbd7ba-fc78-5b34-bef8-ebb274ff42d2,W-001,BB:00:00:00:00:01,2026-01-09,1,Z01,ACCESS,SUPPORT,2026-01-09T11:03:00.000+00:00,2026-01-09T11:07:00.000+00:00,240,DIGITAL_TWIN_GROUND_TRUTH,digital-twin-ground-truth-v1
abcbd7ba-fc78-5b34-bef8-ebb274ff42d2,W-001,BB:00:00:00:00:01,2026-01-09,2,Z00,UNDEFINED,UNKNOWN,2026-01-09T11:07:00.000+00:00,2026-01-09T11:08:00.000+00:00,60,DIGITAL_TWIN_GROUND_TRUTH,digital-twin-ground-truth-v1
abcbd7ba-fc78-5b34-bef8-ebb274ff42d2,W-001,BB:00:00:00:00:01,2026-01-09,3,Z02,CHANGE_HOUSE,NON_PRODUCTIVE_PLANNED,2026-01-09T11:08:00.000+00:00,2026-01-09T11:22:00.000+00:00,840,DIGITAL_TWIN_GROUND_TRUTH,digital-twin-ground-truth-v1
abcbd7ba-fc78-5b34-bef8-ebb274ff42d2,W-001,BB:00:00:00:00:01,2026-01-09,4,Z00,UNDEFINED,UNKNOWN,2026-01-09T11:22:00.000+00:00,2026-01-09T11:25:00.000+00:00,180,DIGITAL_TWIN_GROUND_TRUTH,digital-twin-ground-truth-v1
abcbd7ba-fc78-5b34-bef8-ebb274ff42d2,W-001,BB:00:00:00:00:01,2026-01-09,5,Z03,INSTRUCTIONS,NON_PRODUCTIVE_PLANNED,2026-01-09T11:25:00.000+00:00,2026-01-09T11:42:00.000+00:00,1020,DIGITAL_TWIN_GROUND_TRUTH,digital-twin-ground-truth-v1
abcbd7ba-fc78-5b34-bef8-ebb274ff42d2,W-001,BB:00:00:00:00:01,2026-01-09,6,Z00,UNDEFINED,UNKNOWN,2026-01-09T11:42:00.000+00:00,2026-01-09T11:45:00.000+00:00,180,DIGITAL_TWIN_GROUND_TRUTH,digital-twin-ground-truth-v1
abcbd7ba-fc78-5b34-bef8-ebb274ff42d2,W-001,BB:00:00:00:00:01,2026-01-09,7,Z04,TOOLS,NON_PRODUCTIVE_INFERRED,2026-01-09T11:45:00.000+00:00,2026-01-09T11:55:00.000+00:00,600,DIGITAL_TWIN_GROUND_TRUTH,digital-twin-ground-truth-v1
abcbd7ba-fc78-5b34-bef8-ebb274ff42d2,W-001,BB:00:00:00:00:01,2026-01-09,8,Z00,UNDEFINED,UNKNOWN,2026-01-09T11:55:00.000+00:00,2026-01-09T11:58:00.000+00:00,180,DIGITAL_TWIN_GROUND_TRUTH,digital-twin-ground-truth-v1
abcbd7ba-fc78-5b34-bef8-ebb274ff42d2,W-001,BB:00:00:00:00:01,2026-01-09,9,Z05-A,WORK_FACE,PRODUCTIVE,2026-01-09T11:58:00.000+00:00,2026-01-09T14:57:00.000+00:00,10740,DIGITAL_TWIN_GROUND_TRUTH,digital-twin-ground-truth-v1
abcbd7ba-fc78-5b34-bef8-ebb274ff42d2,W-001,BB:00:00:00:00:01,2026-01-09,10,Z06,LUNCH,BREAK,2026-01-09T14:57:00.000+00:00,2026-01-09T15:33:00.000+00:00,2160,DIGITAL_TWIN_GROUND_TRUTH,digital-twin-ground-truth-v1
abcbd7ba-fc78-5b34-bef8-ebb274ff42d2,W-001,BB:00:00:00:00:01,2026-01-09,11,Z00,UNDEFINED,UNKNOWN,2026-01-09T15:33:00.000+00:00,2026-01-09T15:34:00.000+00:00,60,DIGITAL_TWIN_GROUND_TRUTH,digital-twin-ground-truth-v1
abcbd7ba-fc78-5b34-bef8-ebb274ff42d2,W-001,BB:00:00:00:00:01,2026-01-09,12,Z05-C,WORK_FACE,PRODUCTIVE,2026-01-09T15:34:00.000+00:00,2026-01-09T19:46:00.000+00:00,15120,DIGITAL_TWIN_GROUND_TRUTH,digital-twin-ground-truth-v1
abcbd7ba-fc78-5b34-bef8-ebb274ff42d2,W-001,BB:00:00:00:00:01,2026-01-09,13,Z00,UNDEFINED,UNKNOWN,2026-01-09T19:46:00.000+00:00,2026-01-09T19:47:00.000+00:00,60,DIGITAL_TWIN_GROUND_TRUTH,digital-twin-ground-truth-v1
abcbd7ba-fc78-5b34-bef8-ebb274ff42d2,W-001,BB:00:00:00:00:01,2026-01-09,14,Z04,TOOLS,NON_PRODUCTIVE_INFERRED,2026-01-09T19:47:00.000+00:00,2026-01-09T19:52:00.000+00:00,300,DIGITAL_TWIN_GROUND_TRUTH,digital-twin-ground-truth-v1
abcbd7ba-fc78-5b34-bef8-ebb274ff42d2,W-001,BB:00:00:00:00:01,2026-01-09,15,Z00,UNDEFINED,UNKNOWN,2026-01-09T19:52:00.000+00:00,2026-01-09T19:54:00.000+00:00,120,DIGITAL_TWIN_GROUND_TRUTH,digital-twin-ground-truth-v1
abcbd7ba-fc78-5b34-bef8-ebb274ff42d2,W-001,BB:00:00:00:00:01,2026-01-09,16,Z02,CHANGE_HOUSE,NON_PRODUCTIVE_PLANNED,2026-01-09T19:54:00.000+00:00,2026-01-09T20:00:00.000+00:00,360,DIGITAL_TWIN_GROUND_TRUTH,digital-twin-ground-truth-v1
abcbd7ba-fc78-5b34-bef8-ebb274ff42d2,W-001,BB:00:00:00:00:01,2026-01-09,17,Z01,ACCESS,SUPPORT,2026-01-09T20:00:00.000+00:00,2026-01-09T20:03:00.000+00:00,180,DIGITAL_TWIN_GROUND_TRUTH,digital-twin-ground-truth-v1
abcbd7ba-fc78-5b34-bef8-ebb274ff42d2,W-002,BB:00:00:00:00:02,2026-01-09,1,Z01,ACCESS,SUPPORT,2026-01-09T11:02:00.000+00:00,2026-01-09T11:06:00.000+00:00,240,DIGITAL_TWIN_GROUND_TRUTH,digital-twin-ground-truth-v1
abcbd7ba-fc78-5b34-bef8-ebb274ff42d2,W-002,BB:00:00:00:00:02,2026-01-09,2,Z00,UNDEFINED,UNKNOWN,2026-01-09T11:06:00.000+00:00,2026-01-09T11:08:00.000+00:00,120,DIGITAL_TWIN_GROUND_TRUTH,digital-twin-ground-truth-v1
abcbd7ba-fc78-5b34-bef8-ebb274ff42d2,W-002,BB:00:00:00:00:02,2026-01-09,3,Z02,CHANGE_HOUSE,NON_PRODUCTIVE_PLANNED,2026-01-09T11:08:00.000+00:00,2026-01-09T11:23:00.000+00:00,900,DIGITAL_TWIN_GROUND_TRUTH,digital-twin-ground-truth-v1
abcbd7ba-fc78-5b34-bef8-ebb274ff42d2,W-002,BB:00:00:00:00:02,2026-01-09,4,Z00,UNDEFINED,UNKNOWN,2026-01-09T11:23:00.000+00:00,2026-01-09T11:26:00.000+00:00,180,DIGITAL_TWIN_GROUND_TRUTH,digital-twin-ground-truth-v1
abcbd7ba-fc78-5b34-bef8-ebb274ff42d2,W-002,BB:00:00:00:00:02,2026-01-09,5,Z03,INSTRUCTIONS,NON_PRODUCTIVE_PLANNED,2026-01-09T11:26:00.000+00:00,2026-01-09T11:39:00.000+00:00,780,DIGITAL_TWIN_GROUND_TRUTH,digital-twin-ground-truth-v1
abcbd7ba-fc78-5b34-bef8-ebb274ff42d2,W-002,BB:00:00:00:00:02,2026-01-09,6,Z00,UNDEFINED,UNKNOWN,2026-01-09T11:39:00.000+00:00,2026-01-09T11:40:00.000+00:00,60,DIGITAL_TWIN_GROUND_TRUTH,digital-twin-ground-truth-v1
abcbd7ba-fc78-5b34-bef8-ebb274ff42d2,W-002,BB:00:00:00:00:02,2026-01-09,7,Z04,TOOLS,NON_PRODUCTIVE_INFERRED,2026-01-09T11:40:00.000+00:00,2026-01-09T11:45:00.000+00:00,300,DIGITAL_TWIN_GROUND_TRUTH,digital-twin-ground-truth-v1
abcbd7ba-fc78-5b34-bef8-ebb274ff42d2,W-002,BB:00:00:00:00:02,2026-01-09,8,Z00,UNDEFINED,UNKNOWN,2026-01-09T11:45:00.000+00:00,2026-01-09T11:46:00.000+00:00,60,DIGITAL_TWIN_GROUND_TRUTH,digital-twin-ground-truth-v1
abcbd7ba-fc78-5b34-bef8-ebb274ff42d2,W-002,BB:00:00:00:00:02,2026-01-09,9,Z05-B,WORK_FACE,PRODUCTIVE,2026-01-09T11:46:00.000+00:00,2026-01-09T14:58:00.000+00:00,11520,DIGITAL_TWIN_GROUND_TRUTH,digital-twin-ground-truth-v1
abcbd7ba-fc78-5b34-bef8-ebb274ff42d2,W-002,BB:00:00:00:00:02,2026-01-09,10,Z06,LUNCH,BREAK,2026-01-09T14:58:00.000+00:00,2026-01-09T15:34:00.000+00:00,2160,DIGITAL_TWIN_GROUND_TRUTH,digital-twin-ground-truth-v1
abcbd7ba-fc78-5b34-bef8-ebb274ff42d2,W-002,BB:00:00:00:00:02,2026-01-09,11,Z05-B,WORK_FACE,PRODUCTIVE,2026-01-09T15:34:00.000+00:00,2026-01-09T19:45:00.000+00:00,15060,DIGITAL_TWIN_GROUND_TRUTH,digital-twin-ground-truth-v1
abcbd7ba-fc78-5b34-bef8-ebb274ff42d2,W-002,BB:00:00:00:00:02,2026-01-09,12,Z00,UNDEFINED,UNKNOWN,2026-01-09T19:45:00.000+00:00,2026-01-09T19:48:00.000+00:00,180,DIGITAL_TWIN_GROUND_TRUTH,digital-twin-ground-truth-v1
abcbd7ba-fc78-5b34-bef8-ebb274ff42d2,W-002,BB:00:00:00:00:02,2026-01-09,13,Z04,TOOLS,NON_PRODUCTIVE_INFERRED,2026-01-09T19:48:00.000+00:00,2026-01-09T19:51:00.000+00:00,180,DIGITAL_TWIN_GROUND_TRUTH,digital-twin-ground-truth-v1
abcbd7ba-fc78-5b34-bef8-ebb274ff42d2,W-002,BB:00:00:00:00:02,2026-01-09,14,Z00,UNDEFINED,UNKNOWN,2026-01-09T19:51:00.000+00:00,2026-01-09T19:52:00.000+00:00,60,DIGITAL_TWIN_GROUND_TRUTH,digital-twin-ground-truth-v1
abcbd7ba-fc78-5b34-bef8-ebb274ff42d2,W-002,BB:00:00:00:00:02,2026-01-09,15,Z02,CHANGE_HOUSE,NON_PRODUCTIVE_PLANNED,2026-01-09T19:52:00.000+00:00,2026-01-09T19:59:00.000+00:00,420,DIGITAL_TWIN_GROUND_TRUTH,digital-twin-ground-truth-v1
abcbd7ba-fc78-5b34-bef8-ebb274ff42d2,W-002,BB:00:00:00:00:02,2026-01-09,16,Z01,ACCESS,SUPPORT,2026-01-09T19:59:00.000+00:00,2026-01-09T20:02:00.000+00:00,180,DIGITAL_TWIN_GROUND_TRUTH,digital-twin-ground-truth-v1
abcbd7ba-fc78-5b34-bef8-ebb274ff42d2,W-003,BB:00:00:00:00:03,2026-01-09,1,Z01,ACCESS,SUPPORT,2026-01-09T11:02:00.000+00:00,2026-01-09T11:05:00.000+00:00,180,DIGITAL_TWIN_GROUND_TRUTH,digital-twin-ground-truth-v1
abcbd7ba-fc78-5b34-bef8-ebb274ff42d2,W-003,BB:00:00:00:00:03,2026-01-09,2,Z00,UNDEFINED,UNKNOWN,2026-01-09T11:05:00.000+00:00,2026-01-09T11:07:00.000+00:00,120,DIGITAL_TWIN_GROUND_TRUTH,digital-twin-ground-truth-v1
abcbd7ba-fc78-5b34-bef8-ebb274ff42d2,W-003,BB:00:00:00:00:03,2026-01-09,3,Z02,CHANGE_HOUSE,NON_PRODUCTIVE_PLANNED,2026-01-09T11:07:00.000+00:00,2026-01-09T11:21:00.000+00:00,840,DIGITAL_TWIN_GROUND_TRUTH,digital-twin-ground-truth-v1
abcbd7ba-fc78-5b34-bef8-ebb274ff42d2,W-003,BB:00:00:00:00:03,2026-01-09,4,Z00,UNDEFINED,UNKNOWN,2026-01-09T11:21:00.000+00:00,2026-01-09T11:23:00.000+00:00,120,DIGITAL_TWIN_GROUND_TRUTH,digital-twin-ground-truth-v1
abcbd7ba-fc78-5b34-bef8-ebb274ff42d2,W-003,BB:00:00:00:00:03,2026-01-09,5,Z03,INSTRUCTIONS,NON_PRODUCTIVE_PLANNED,2026-01-09T11:23:00.000+00:00,2026-01-09T11:37:00.000+00:00,840,DIGITAL_TWIN_GROUND_TRUTH,digital-twin-ground-truth-v1
abcbd7ba-fc78-5b34-bef8-ebb274ff42d2,W-003,BB:00:00:00:00:03,2026-01-09,6,Z00,UNDEFINED,UNKNOWN,2026-01-09T11:37:00.000+00:00,2026-01-09T11:40:00.000+00:00,180,DIGITAL_TWIN_GROUND_TRUTH,digital-twin-ground-truth-v1
abcbd7ba-fc78-5b34-bef8-ebb274ff42d2,W-003,BB:00:00:00:00:03,2026-01-09,7,Z04,TOOLS,NON_PRODUCTIVE_INFERRED,2026-01-09T11:40:00.000+00:00,2026-01-09T11:48:00.000+00:00,480,DIGITAL_TWIN_GROUND_TRUTH,digital-twin-ground-truth-v1
abcbd7ba-fc78-5b34-bef8-ebb274ff42d2,W-003,BB:00:00:00:00:03,2026-01-09,8,Z00,UNDEFINED,UNKNOWN,2026-01-09T11:48:00.000+00:00,2026-01-09T11:51:00.000+00:00,180,DIGITAL_TWIN_GROUND_TRUTH,digital-twin-ground-truth-v1
abcbd7ba-fc78-5b34-bef8-ebb274ff42d2,W-003,BB:00:00:00:00:03,2026-01-09,9,Z05-B,WORK_FACE,PRODUCTIVE,2026-01-09T11:51:00.000+00:00,2026-01-09T15:10:00.000+00:00,11940,DIGITAL_TWIN_GROUND_TRUTH,digital-twin-ground-truth-v1
abcbd7ba-fc78-5b34-bef8-ebb274ff42d2,W-003,BB:00:00:00:00:03,2026-01-09,10,Z06,LUNCH,BREAK,2026-01-09T15:10:00.000+00:00,2026-01-09T15:46:00.000+00:00,2160,DIGITAL_TWIN_GROUND_TRUTH,digital-twin-ground-truth-v1
abcbd7ba-fc78-5b34-bef8-ebb274ff42d2,W-003,BB:00:00:00:00:03,2026-01-09,11,Z00,UNDEFINED,UNKNOWN,2026-01-09T15:46:00.000+00:00,2026-01-09T15:49:00.000+00:00,180,DIGITAL_TWIN_GROUND_TRUTH,digital-twin-ground-truth-v1
abcbd7ba-fc78-5b34-bef8-ebb274ff42d2,W-003,BB:00:00:00:00:03,2026-01-09,12,Z05-A,WORK_FACE,PRODUCTIVE,2026-01-09T15:49:00.000+00:00,2026-01-09T19:40:00.000+00:00,13860,DIGITAL_TWIN_GROUND_TRUTH,digital-twin-ground-truth-v1
abcbd7ba-fc78-5b34-bef8-ebb274ff42d2,W-003,BB:00:00:00:00:03,2026-01-09,13,Z00,UNDEFINED,UNKNOWN,2026-01-09T19:40:00.000+00:00,2026-01-09T19:43:00.000+00:00,180,DIGITAL_TWIN_GROUND_TRUTH,digital-twin-ground-truth-v1
abcbd7ba-fc78-5b34-bef8-ebb274ff42d2,W-003,BB:00:00:00:00:03,2026-01-09,14,Z04,TOOLS,NON_PRODUCTIVE_INFERRED,2026-01-09T19:43:00.000+00:00,2026-01-09T19:49:00.000+00:00,360,DIGITAL_TWIN_GROUND_TRUTH,digital-twin-ground-truth-v1
abcbd7ba-fc78-5b34-bef8-ebb274ff42d2,W-003,BB:00:00:00:00:03,2026-01-09,15,Z00,UNDEFINED,UNKNOWN,2026-01-09T19:49:00.000+00:00,2026-01-09T19:52:00.000+00:00,180,DIGITAL_TWIN_GROUND_TRUTH,digital-twin-ground-truth-v1
abcbd7ba-fc78-5b34-bef8-ebb274ff42d2,W-003,BB:00:00:00:00:03,2026-01-09,16,Z02,CHANGE_HOUSE,NON_PRODUCTIVE_PLANNED,2026-01-09T19:52:00.000+00:00,2026-01-09T19:59:00.000+00:00,420,DIGITAL_TWIN_GROUND_TRUTH,digital-twin-ground-truth-v1
abcbd7ba-fc78-5b34-bef8-ebb274ff42d2,W-003,BB:00:00:00:00:03,2026-01-09,17,Z01,ACCESS,SUPPORT,2026-01-09T19:59:00.000+00:00,2026-01-09T20:02:00.000+00:00,180,DIGITAL_TWIN_GROUND_TRUTH,digital-twin-ground-truth-v1
