run_id,shift_date,worker_id,tag_address,presence_seconds,labor_seconds,break_seconds,productive_seconds,non_productive_planned_seconds,non_productive_inferred_seconds,support_seconds,undefined_seconds,time_on_tools_presence_pct,time_on_tools_labor_pct
abcbd7ba-fc78-5b34-bef8-ebb274ff42d2,2026-01-05,W-001,BB:00:00:00:00:01,32400,30240,2160,26700,1680,780,360,720,82.41,88.29
abcbd7ba-fc78-5b34-bef8-ebb274ff42d2,2026-01-05,W-002,BB:00:00:00:00:02,32400,30240,2160,26100,2040,780,480,840,80.56,86.31
abcbd7ba-fc78-5b34-bef8-ebb274ff42d2,2026-01-05,W-003,BB:00:00:00:00:03,32400,30240,2160,25680,2400,720,480,960,79.26,84.92
abcbd7ba-fc78-5b34-bef8-ebb274ff42d2,2026-01-06,W-001,BB:00:00:00:00:01,32400,30240,2160,26400,1860,720,480,780,81.48,87.3
abcbd7ba-fc78-5b34-bef8-ebb274ff42d2,2026-01-06,W-002,BB:00:00:00:00:02,32400,30240,2160,25920,2460,660,600,600,80.0,85.71
abcbd7ba-fc78-5b34-bef8-ebb274ff42d2,2026-01-06,W-003,BB:00:00:00:00:03,32400,30240,2160,25860,2160,840,600,780,79.81,85.52
abcbd7ba-fc78-5b34-bef8-ebb274ff42d2,2026-01-07,W-001,BB:00:00:00:00:01,32400,30240,2160,25860,2400,720,420,840,79.81,85.52
abcbd7ba-fc78-5b34-bef8-ebb274ff42d2,2026-01-07,W-002,BB:00:00:00:00:02,32400,30240,2160,26040,2520,720,360,600,80.37,86.11
abcbd7ba-fc78-5b34-bef8-ebb274ff42d2,2026-01-07,W-003,BB:00:00:00:00:03,32400,30240,2160,26280,1980,840,360,780,81.11,86.9
abcbd7ba-fc78-5b34-bef8-ebb274ff42d2,2026-01-08,W-001,BB:00:00:00:00:01,32400,30240,2160,26040,1920,840,480,960,80.37,86.11
abcbd7ba-fc78-5b34-bef8-ebb274ff42d2,2026-01-08,W-002,BB:00:00:00:00:02,32400,30240,2160,26460,1980,780,480,540,81.67,87.5
abcbd7ba-fc78-5b34-bef8-ebb274ff42d2,2026-01-08,W-003,BB:00:00:00:00:03,32400,30240,2160,26100,2040,960,420,720,80.56,86.31
abcbd7ba-fc78-5b34-bef8-ebb274ff42d2,2026-01-09,W-001,BB:00:00:00:00:01,32400,30240,2160,25860,2220,900,420,840,79.81,85.52
abcbd7ba-fc78-5b34-bef8-ebb274ff42d2,2026-01-09,W-002,BB:00:00:00:00:02,32400,30240,2160,26580,2100,480,420,660,82.04,87.9
abcbd7ba-fc78-5b34-bef8-ebb274ff42d2,2026-01-09,W-003,BB:00:00:00:00:03,32400,30240,2160,25800,2100,840,360,1140,79.63,85.32
