run_id,event_id,worker_id,tag_address,shift_date,interval_sequence,zone_id,event_time,event_type,event_reason
abcbd7ba-fc78-5b34-bef8-ebb274ff42d2,f90d8d9f-f42c-5367-824f-a77b28758c2e,W-001,BB:00:00:00:00:01,2026-01-05,1,Z01,2026-01-05T11:03:00.000+00:00,ENTER,IDEAL_GROUND_TRUTH
abcbd7ba-fc78-5b34-bef8-ebb274ff42d2,de686152-7c13-5239-870a-9e7852f3bf81,W-001,BB:00:00:00:00:01,2026-01-05,1,Z01,2026-01-05T11:06:00.000+00:00,EXIT,IDEAL_GROUND_TRUTH
abcbd7ba-fc78-5b34-bef8-ebb274ff42d2,5b99cd39-6ece-52b7-835e-f00df83826da,W-001,BB:00:00:00:00:01,2026-01-05,2,Z00,2026-01-05T11:06:00.000+00:00,ENTER,IDEAL_GROUND_TRUTH
abcbd7ba-fc78-5b34-bef8-ebb274ff42d2,5f53aadb-653a-5145-875e-a326d73731df,W-001,BB:00:00:00:00:01,2026-01-05,2,Z00,2026-01-05T11:09:00.000+00:00,EXIT,IDEAL_GROUND_TRUTH
abcbd7ba-fc78-5b34-bef8-ebb274ff42d2,7c6e1679-e2b5-59ff-81af-cbc38e5eef17,W-001,BB:00:00:00:00:01,2026-01-05,3,Z02,2026-01-05T11:09:00.000+00:00,ENTER,IDEAL_GROUND_TRUTH
abcbd7ba-fc78-5b34-bef8-ebb274ff42d2,b520fd65-f1fe-5ca5-871a-d98270ed445a,W-001,BB:00:00:00:00:01,2026-01-05,3,Z02,2026-01-05T11:19:00.000+00:00,EXIT,IDEAL_GROUND_TRUTH
abcbd7ba-fc78-5b34-bef8-ebb274ff42d2,6ac23a25-b2e4-5913-b67a-87bb9f6cc5aa,W-001,BB:00:00:00:00:01,2026-01-05,4,Z00,2026-01-05T11:19:00.000+00:00,ENTER,IDEAL_GROUND_TRUTH
abcbd7ba-fc78-5b34-bef8-ebb274ff42d2,d3fb7962-2155-5e4a-8900-8615b9e8069b,W-001,BB:00:00:00:00:01,2026-01-05,4,Z00,2026-01-05T11:22:00.000+00:00,EXIT,IDEAL_GROUND_TRUTH
abcbd7ba-fc78-5b34-bef8-ebb274ff42d2,3c092445-487a-58e5-ab40-75855a5b8a94,W-001,BB:00:00:00:00:01,2026-01-05,5,Z03,2026-01-05T11:22:00.000+00:00,ENTER,IDEAL_GROUND_TRUTH
abcbd7ba-fc78-5b34-bef8-ebb274ff42d2,5b2be2bb-4d9f-57c2-8636-cb410d48806e,W-001,BB:00:00:00:00:01,2026-01-05,5,Z03,2026-01-05T11:33:00.000+00:00,EXIT,IDEAL_GROUND_TRUTH
abcbd7ba-fc78-5b34-bef8-ebb274ff42d2,f88c9280-a28f-571e-9353-69b2c8274609,W-001,BB:00:00:00:00:01,2026-01-05,6,Z00,2026-01-05T11:33:00.000+00:00,ENTER,IDEAL_GROUND_TRUTH
abcbd7ba-fc78-5b34-bef8-ebb274ff42d2,1411fea6-7aaa-5460-8155-a8cb9d0c2654,W-001,BB:00:00:00:00:01,2026-01-05,6,Z00,2026-01-05T11:34:00.000+00:00,EXIT,IDEAL_GROUND_TRUTH
abcbd7ba-fc78-5b34-bef8-ebb274ff42d2,fdb2d725-63ce-5788-957a-cbf6efbe86bc,W-001,BB:00:00:00:00:01,2026-01-05,7,Z04,2026-01-05T11:34:00.000+00:00,ENTER,IDEAL_GROUND_TRUTH
abcbd7ba-fc78-5b34-bef8-ebb274ff42d2,366e60ab-0819-569b-8951-6af5f0326dd4,W-001,BB:00:00:00:00:01,2026-01-05,7,Z04,2026-01-05T11:44:00.000+00:00,EXIT,IDEAL_GROUND_TRUTH
abcbd7ba-fc78-5b34-bef8-ebb274ff42d2,dcb7aed8-865a-566c-a44b-c48136cc30e7,W-001,BB:00:00:00:00:01,2026-01-05,8,Z00,2026-01-05T11:44:00.000+00:00,ENTER,IDEAL_GROUND_TRUTH
abcbd7ba-fc78-5b34-bef8-ebb274ff42d2,38f63571-c969-55fa-9ba0-6854eb263b8d,W-001,BB:00:00:00:00:01,2026-01-05,8,Z00,2026-01-05T11:47:00.000+00:00,EXIT,IDEAL_GROUND_TRUTH
abcbd7ba-fc78-5b34-bef8-ebb274ff42d2,8fe33d3d-4d9c-5a54-9c5a-c0605248f797,W-001,BB:00:00:00:00:01,2026-01-05,9,Z05-C,2026-01-05T11:47:00.000+00:00,ENTER,IDEAL_GROUND_TRUTH
abcbd7ba-fc78-5b34-bef8-ebb274ff42d2,0c4a6f97-5a23-5c0d-a19e-ebbf9b950986,W-001,BB:00:00:00:00:01,2026-01-05,9,Z05-C,2026-01-05T15:10:00.000+00:00,EXIT,IDEAL_GROUND_TRUTH
abcbd7ba-fc78-5b34-bef8-ebb274ff42d2,87553325-6a22-534a-a5a8-3601b290afb5,W-001,BB:00:00:00:00:01,2026-01-05,10,Z06,2026-01-05T15:10:00.000+00:00,ENTER,IDEAL_GROUND_TRUTH
abcbd7ba-fc78-5b34-bef8-ebb274ff42d2,8efa4f06-84b9-569d-a639-43e24ae72c9b,W-001,BB:00:00:00:00:01,2026-01-05,10,Z06,2026-01-05T15:46:00.000+00:00,EXIT,IDEAL_GROUND_TRUTH
abcbd7ba-fc78-5b34-bef8-ebb274ff42d2,1e574ef5-5390-59da-89f5-ddac8b00b366,W-001,BB:00:00:00:00:01,2026-01-05,11,Z05-C,2026-01-05T15:46:00.000+00:00,ENTER,IDEAL_GROUND_TRUTH
abcbd7ba-fc78-5b34-bef8-ebb274ff42d2,f9a36e3a-40ce-5a64-b044-ce8d4fbf0c16,W-001,BB:00:00:00:00:01,2026-01-05,11,Z05-C,2026-01-05T19:48:00.000+00:00,EXIT,IDEAL_GROUND_TRUTH
abcbd7ba-fc78-5b34-bef8-ebb274ff42d2,6ae0117e-17e5-5e8c-b69b-05e0651890b4,W-001,BB:00:00:00:00:01,2026-01-05,12,Z00,2026-01-05T19:48:00.000+00:00,ENTER,IDEAL_GROUND_TRUTH
abcbd7ba-fc78-5b34-bef8-ebb274ff42d2,559c2af2-1d2d-5f90-b97b-ec710b41324c,W-001,BB:00:00:00:00:01,2026-01-05,12,Z00,2026-01-05T19:49:00.000+00:00,EXIT,IDEAL_GROUND_TRUTH
abcbd7ba-fc78-5b34-bef8-ebb274ff42d2,bb145c18-2908-5037-a3b1-cfcd842d95a4,W-001,BB:00:00:00:00:01,2026-01-05,13,Z04,2026-01-05T19:49:00.000+00:00,ENTER,IDEAL_GROUND_TRUTH
abcbd7ba-fc78-5b34-bef8-ebb274ff42d2,74254e33-b50f-59bb-9d53-ef5a9dcd3af9,W-001,BB:00:00:00:00:01,2026-01-05,13,Z04,2026-01-05T19:52:00.000+00:00,EXIT,IDEAL_GROUND_TRUTH
abcbd7ba-fc78-5b34-bef8-ebb274ff42d2,b4d69dde-8e25-532d-aab7-86dea4a07789,W-001,BB:00:00:00:00:01,2026-01-05,14,Z00,2026-01-05T19:52:00.000+00:00,ENTER,IDEAL_GROUND_TRUTH
abcbd7ba-fc78-5b34-bef8-ebb274ff42d2,3e59ce76-e90b-58fb-971f-91a58dbc8ec3,W-001,BB:00:00:00:00:01,2026-01-05,14,Z00,2026-01-05T19:53:00.000+00:00,EXIT,IDEAL_GROUND_TRUTH
abcbd7ba-fc78-5b34-bef8-ebb274ff42d2,c11eec99-b392-50c8-a065-ee6f7188ab69,W-001,BB:00:00:00:00:01,2026-01-05,15,Z02,2026-01-05T19:53:00.000+00:00,ENTER,IDEAL_GROUND_TRUTH
abcbd7ba-fc78-5b34-bef8-ebb274ff42d2,df9a7226-d60f-5754-b67c-315be1b8a70b,W-001,BB:00:00:00:00:01,2026-01-05,15,Z02,2026-01-05T20:00:00.000+00:00,EXIT,IDEAL_GROUND_TRUTH
abcbd7ba-fc78-5b34-bef8-ebb274ff42d2,f77f9449-46e6-55e6-a394-54610b3a12de,W-001,BB:00:00:00:00:01,2026-01-05,16,Z01,2026-01-05T20:00:00.000+00:00,ENTER,IDEAL_GROUND_TRUTH
abcbd7ba-fc78-5b34-bef8-ebb274ff42d2,f092aed3-8b5a-5059-9cb6-35c23a6ae082,W-001,BB:00:00:00:00:01,2026-01-05,16,Z01,2026-01-05T20:03:00.000+00:00,EXIT,IDEAL_GROUND_TRUTH
abcbd7ba-fc78-5b34-bef8-ebb274ff42d2,20111cdb-c146-5660-85f6-840aab350927,W-002,BB:00:00:00:00:02,2026-01-05,1,Z01,2026-01-05T11:01:00.000+00:00,ENTER,IDEAL_GROUND_TRUTH
abcbd7ba-fc78-5b34-bef8-ebb274ff42d2,3b239026-e577-5f00-980f-f77a3260fdb3,W-002,BB:00:00:00:00:02,2026-01-05,1,Z01,2026-01-05T11:06:00.000+00:00,EXIT,IDEAL_GROUND_TRUTH
abcbd7ba-fc78-5b34-bef8-ebb274ff42d2,bb6bc1ee-8f28-54ae-a0ac-887ea94fdfa1,W-002,BB:00:00:00:00:02,2026-01-05,2,Z00,2026-01-05T11:06:00.000+00:00,ENTER,IDEAL_GROUND_TRUTH
abcbd7ba-fc78-5b34-bef8-ebb274ff42d2,35a13393-7701-5de0-8049-6f929f64fd12,W-002,BB:00:00:00:00:02,2026-01-05,2,Z00,2026-01-05T11:09:00.000+00:00,EXIT,IDEAL_GROUND_TRUTH
abcbd7ba-fc78-5b34-bef8-ebb274ff42d2,2524feff-d7ad-55e8-9fff-e90ccd7d5d96,W-002,BB:00:00:00:00:02,2026-01-05,3,Z02,2026-01-05T11:09:00.000+00:00,ENTER,IDEAL_GROUND_TRUTH
abcbd7ba-fc78-5b34-bef8-ebb274ff42d2,6a6e69ab-7a78-5cd9-909e-53c7e78c9a2c,W-002,BB:00:00:00:00:02,2026-01-05,3,Z02,2026-01-05T11:23:00.000+00:00,EXIT,IDEAL_GROUND_TRUTH
abcbd7ba-fc78-5b34-bef8-ebb274ff42d2,d978eebe-309d-5fec-99bb-5f4a6ae992b4,W-002,BB:00:00:00:00:02,2026-01-05,4,Z00,2026-01-05T11:23:00.000+00:00,ENTER,IDEAL_GROUND_TRUTH
abcbd7ba-fc78-5b34-bef8-ebb274ff42d2,f7373a3f-b5d7-5a81-af52-8fa43ee7c5b6,W-002,BB:00:00:00:00:02,2026-01-05,4,Z00,2026-01-05T11:25:00.000+00:00,EXIT,IDEAL_GROUND_TRUTH
abcbd7ba-fc78-5b34-bef8-ebb274ff42d2,dcee04ed-b1d5-53d6-8227-22e8f9519d09,W-002,BB:00:00:00:00:02,2026-01-05,5,Z03,2026-01-05T11:25:00.000+00:00,ENTER,IDEAL_GROUND_TRUTH
abcbd7ba-fc78-5b34-bef8-ebb274ff42d2,d42b7930-2c78-58b8-a8e1-e10895bf9f2d,W-002,BB:00:00:00:00:02,2026-01-05,5,Z03,2026-01-05T11:38:00.000+00:00,EXIT,IDEAL_GROUND_TRUTH
abcbd7ba-fc78-5b34-bef8-ebb274ff42d2,a52255e9-c662-53d8-8477-ce7b78eb6219,W-002,BB:00:00:00:00:02,2026-01-05,6,Z00,2026-01-05T11:38:00.000+00:00,ENTER,IDEAL_GROUND_TRUTH
abcbd7ba-fc78-5b34-bef8-ebb274ff42d2,fcc8271a-205f-5a15-bf31-1b83b6e711c1,W-002,BB:00:00:00:00:02,2026-01-05,6,Z00,2026-01-05T11:39:00.000+00:00,EXIT,IDEAL_GROUND_TRUTH
abcbd7ba-fc78-5b34-bef8-ebb274ff42d2,a84e074a-94fe-5ea1-839a-0398b3dce8bf,W-002,BB:00:00:00:00:02,2026-01-05,7,Z04,2026-01-05T11:39:00.000+00:00,ENTER,IDEAL_GROUND_TRUTH
abcbd7ba-fc78-5b34-bef8-ebb274ff42d2,5a1e48f2-1459-51ba-888e-986e8c17a8af,W-002,BB:00:00:00:00:02,2026-01-05,7,Z04,2026-01-05T11:47:00.000+00:00,EXIT,IDEAL_GROUND_TRUTH
abcbd7ba-fc78-5b34-bef8-ebb274ff42d2,f686cb72-0f17-5b37-9866-373f92eadd8f,W-002,BB:00:00:00:00:02,2026-01-05,8,Z00,2026-01-05T11:47:00.000+00:00,ENTER,IDEAL_GROUND_TRUTH
abcbd7ba-fc78-5b34-bef8-ebb274ff42d2,e657ef7c-f500-5bfc-ac6f-3a77bdcd9261,W-002,BB:00:00:00:00:02,2026-01-05,8,Z00,2026-01-05T11:48:00.000+00:00,EXIT,IDEAL_GROUND_TRUTH
abcbd7ba-fc78-5b34-bef8-ebb274ff42d2,bf764f70-bceb-5c92-8604-dac86d312527,W-002,BB:00:00:00:00:02,2026-01-05,9,Z05-B,2026-01-05T11:48:00.000+00:00,ENTER,IDEAL_GROUND_TRUTH
abcbd7ba-fc78-5b34-bef8-ebb274ff42d2,e74d5732-88a4-5f6b-98a3-88361bdaff30,W-002,BB:00:00:00:00:02,2026-01-05,9,Z05-B,2026-01-05T14:54:00.000+00:00,EXIT,IDEAL_GROUND_TRUTH
abcbd7ba-fc78-5b34-bef8-ebb274ff42d2,7635ea86-6cbd-5145-bed0-07725510cf20,W-002,BB:00:00:00:00:02,2026-01-05,10,Z06,2026-01-05T14:54:00.000+00:00,ENTER,IDEAL_GROUND_TRUTH
abcbd7ba-fc78-5b34-bef8-ebb274ff42d2,f8e6e185-3e16-52bf-921f-a354783a8446,W-002,BB:00:00:00:00:02,2026-01-05,10,Z06,2026-01-05T15:30:00.000+00:00,EXIT,IDEAL_GROUND_TRUTH
abcbd7ba-fc78-5b34-bef8-ebb274ff42d2,9dd9c760-59bb-5046-b312-f7ce4437f662,W-002,BB:00:00:00:00:02,2026-01-05,11,Z00,2026-01-05T15:30:00.000+00:00,ENTER,IDEAL_GROUND_TRUTH
abcbd7ba-fc78-5b34-bef8-ebb274ff42d2,252be972-89a2-5b70-a288-57d173a0638d,W-002,BB:00:00:00:00:02,2026-01-05,11,Z00,2026-01-05T15:33:00.000+00:00,EXIT,IDEAL_GROUND_TRUTH
abcbd7ba-fc78-5b34-bef8-ebb274ff42d2,fe1f73f9-3b12-5588-a789-2c8081dc207c,W-002,BB:00:00:00:00:02,2026-01-05,12,Z05-C,2026-01-05T15:33:00.000+00:00,ENTER,IDEAL_GROUND_TRUTH
abcbd7ba-fc78-5b34-bef8-ebb274ff42d2,a209e314-3b63-5c1f-9f91-5f6f3db5a0fc,W-002,BB:00:00:00:00:02,2026-01-05,12,Z05-C,2026-01-05T19:42:00.000+00:00,EXIT,IDEAL_GROUND_TRUTH
abcbd7ba-fc78-5b34-bef8-ebb274ff42d2,5c59e03d-e4b5-524a-b022-d0372acabd74,W-002,BB:00:00:00:00:02,2026-01-05,13,Z00,2026-01-05T19:42:00.000+00:00,ENTER,IDEAL_GROUND_TRUTH
abcbd7ba-fc78-5b34-bef8-ebb274ff42d2,5405f021-05fe-5007-919e-0798dc8e7816,W-002,BB:00:00:00:00:02,2026-01-05,13,Z00,2026-01-05T19:44:00.000+00:00,EXIT,IDEAL_GROUND_TRUTH
abcbd7ba-fc78-5b34-bef8-ebb274ff42d2,2db31527-7658-5b1a-930b-3aa166f884d2,W-002,BB:00:00:00:00:02,2026-01-05,14,Z04,2026-01-05T19:44:00.000+00:00,ENTER,IDEAL_GROUND_TRUTH
abcbd7ba-fc78-5b34-bef8-ebb274ff42d2,a93d1be9-1170-54ef-a7e3-26b16ea2e0bd,W-002,BB:00:00:00:00:02,2026-01-05,14,Z04,2026-01-05T19:49:00.000+00:00,EXIT,IDEAL_GROUND_TRUTH
abcbd7ba-fc78-5b34-bef8-ebb274ff42d2,16e030c3-d7e7-587e-b937-87b3fba43389,W-002,BB:00:00:00:00:02,2026-01-05,15,Z00,2026-01-05T19:49:00.000+00:00,ENTER,IDEAL_GROUND_TRUTH
abcbd7ba-fc78-5b34-bef8-ebb274ff42d2,8473132a-40a9-54cb-bc32-4afeb64799cc,W-002,BB:00:00:00:00:02,2026-01-05,15,Z00,2026-01-05T19:51:00.000+00:00,EXIT,IDEAL_GROUND_TRUTH
abcbd7ba-fc78-5b34-bef8-ebb274ff42d2,cb06669f-3ecf-5dd8-9d76-53940d5bdc96,W-002,BB:00:00:00:00:02,2026-01-05,16,Z02,2026-01-05T19:51:00.000+00:00,ENTER,IDEAL_GROUND_TRUTH
abcbd7ba-fc78-5b34-bef8-ebb274ff42d2,531200b3-a544-5771-aa22-40d1fe3b4413,W-002,BB:00:00:00:00:02,2026-01-05,16,Z02,2026-01-05T19:58:00.000+00:00,EXIT,IDEAL_GROUND_TRUTH
abcbd7ba-fc78-5b34-bef8-ebb274ff42d2,134fe01a-e5cb-503e-93fc-f6f9e4f173cb,W-002,BB:00:00:00:00:02,2026-01-05,17,Z01,2026-01-05T19:58:00.000+00:00,ENTER,IDEAL_GROUND_TRUTH
abcbd7ba-fc78-5b34-bef8-ebb274ff42d2,f4744287-46d6-585e-b3c4-0b5652be2040,W-002,BB:00:00:00:00:02,2026-01-05,17,Z01,2026-01-05T20:01:00.000+00:00,EXIT,IDEAL_GROUND_TRUTH
abcbd7ba-fc78-5b34-bef8-ebb274ff42d2,8a97b6f2-a1f2-5e48-b9e7-5b747fb02043,W-003,BB:00:00:00:00:03,2026-01-05,1,Z01,2026-01-05T10:58:00.000+00:00,ENTER,IDEAL_GROUND_TRUTH
abcbd7ba-fc78-5b34-bef8-ebb274ff42d2,d79baa15-84b3-5a04-80e0-91d023c4d788,W-003,BB:00:00:00:00:03,2026-01-05,1,Z01,2026-01-05T11:01:00.000+00:00,EXIT,IDEAL_GROUND_TRUTH
abcbd7ba-fc78-5b34-bef8-ebb274ff42d2,e5655cd1-fd0a-575c-b4d2-3e6c2b309bf8,W-003,BB:00:00:00:00:03,2026-01-05,2,Z00,2026-01-05T11:01:00.000+00:00,ENTER,IDEAL_GROUND_TRUTH
abcbd7ba-fc78-5b34-bef8-ebb274ff42d2,d56b1b28-cb8b-5e6e-b882-b634d7487a45,W-003,BB:00:00:00:00:03,2026-01-05,2,Z00,2026-01-05T11:03:00.000+00:00,EXIT,IDEAL_GROUND_TRUTH
abcbd7ba-fc78-5b34-bef8-ebb274ff42d2,8fdb3aad-cb43-5e93-b15c-b1b8bdf8e773,W-003,BB:00:00:00:00:03,2026-01-05,3,Z02,2026-01-05T11:03:00.000+00:00,ENTER,IDEAL_GROUND_TRUTH
abcbd7ba-fc78-5b34-bef8-ebb274ff42d2,e69b824d-326f-54fc-b4c6-9a41fb456c1b,W-003,BB:00:00:00:00:03,2026-01-05,3,Z02,2026-01-05T11:18:00.000+00:00,EXIT,IDEAL_GROUND_TRUTH
abcbd7ba-fc78-5b34-bef8-ebb274ff42d2,b5922e34-8d9c-50b9-83a5-b14e2c0ed494,W-003,BB:00:00:00:00:03,2026-01-05,4,Z00,2026-01-05T11:18:00.000+00:00,ENTER,IDEAL_GROUND_TRUTH
abcbd7ba-fc78-5b34-bef8-ebb274ff42d2,4489367b-fbf6-5145-bedd-36d5d98578c1,W-003,BB:00:00:00:00:03,2026-01-05,4,Z00,2026-01-05T11:19:00.000+00:00,EXIT,IDEAL_GROUND_TRUTH
abcbd7ba-fc78-5b34-bef8-ebb274ff42d2,a9abc4cf-2bcb-50fb-a4cb-d3d9cee5693a,W-003,BB:00:00:00:00:03,2026-01-05,5,Z03,2026-01-05T11:19:00.000+00:00,ENTER,IDEAL_GROUND_TRUTH
abcbd7ba-fc78-5b34-bef8-ebb274ff42d2,40cae815-e329-5bc1-8548-9540ce8794f7,W-003,BB:00:00:00:00:03,2026-01-05,5,Z03,2026-01-05T11:37:00.000+00:00,EXIT,IDEAL_GROUND_TRUTH
abcbd7ba-fc78-5b34-bef8-ebb274ff42d2,b1214c69-cd52-5eec-af72-4f97f5b0d5b5,W-003,BB:00:00:00:00:03,2026-01-05,6,Z00,2026-01-05T11:37:00.000+00:00,ENTER,IDEAL_GROUND_TRUTH
abcbd7ba-fc78-5b34-bef8-ebb274ff42d2,7ef59e78-7a49-51d4-b3ee-d241233aa04e,W-003,BB:00:00:00:00:03,2026-01-05,6,Z00,2026-01-05T11:40:00.000+00:00,EXIT,IDEAL_GROUND_TRUTH
abcbd7ba-fc78-5b34-bef8-ebb274ff42d2,8b6b05f4-2d95-59ec-b8c6-6fb9e9cff70c,W-003,BB:00:00:00:00:03,2026-01-05,7,Z04,2026-01-05T11:40:00.000+00:00,ENTER,IDEAL_GROUND_TRUTH
abcbd7ba-fc78-5b34-bef8-ebb274ff42d2,1d12b828-171b-5a9a-b7eb-2601864bf502,W-003,BB:00:00:00:00:03,2026-01-05,7,Z04,2026-01-05T11:45:00.000+00:00,EXIT,IDEAL_GROUND_TRUTH
abcbd7ba-fc78-5b34-bef8-ebb274ff42d2,dbadbd18-3b9b-5cbe-a1a0-fd94bf4f399c,W-003,BB:00:00:00:00:03,2026-01-05,8,Z00,2026-01-05T11:45:00.000+00:00,ENTER,IDEAL_GROUND_TRUTH
abcbd7ba-fc78-5b34-bef8-ebb274ff42d2,dbd9f923-d5be-55d3-999e-a670e25aa567,W-003,BB:00:00:00:00:03,2026-01-05,8,Z00,2026-01-05T11:47:00.000+00:00,EXIT,IDEAL_GROUND_TRUTH
abcbd7ba-fc78-5b34-bef8-ebb274ff42d2,1cee5d4e-7a2e-5d1a-8b19-6c55ae0433bc,W-003,BB:00:00:00:00:03,2026-01-05,9,Z05-A,2026-01-05T11:47:00.000+00:00,ENTER,IDEAL_GROUND_TRUTH
abcbd7ba-fc78-5b34-bef8-ebb274ff42d2,aa78f191-c8a3-5c3b-b803-1d83f1ce2d1e,W-003,BB:00:00:00:00:03,2026-01-05,9,Z05-A,2026-01-05T14:57:00.000+00:00,EXIT,IDEAL_GROUND_TRUTH
abcbd7ba-fc78-5b34-bef8-ebb274ff42d2,2f3e83b4-91bb-5671-9371-44fde8be4fc5,W-003,BB:00:00:00:00:03,2026-01-05,10,Z06,2026-01-05T14:57:00.000+00:00,ENTER,IDEAL_GROUND_TRUTH
abcbd7ba-fc78-5b34-bef8-ebb274ff42d2,cdcd8963-7b66-5135-ba0f-ed6a93bc8bce,W-003,BB:00:00:00:00:03,2026-01-05,10,Z06,2026-01-05T15:33:00.000+00:00,EXIT,IDEAL_GROUND_TRUTH
abcbd7ba-fc78-5b34-bef8-ebb274ff42d2,2b13841e-6dac-5655-90bf-1e6c4bab0ff1,W-003,BB:00:00:00:00:03,2026-01-05,11,Z00,2026-01-05T15:33:00.000+00:00,ENTER,IDEAL_GROUND_TRUTH
abcbd7ba-fc78-5b34-bef8-ebb274ff42d2,085b4448-69ef-5606-b909-88c2bfdd6c28,W-003,BB:00:00:00:00:03,2026-01-05,11,Z00,2026-01-05T15:36:00.000+00:00,EXIT,IDEAL_GROUND_TRUTH
abcbd7ba-fc78-5b34-bef8-ebb274ff42d2,e61d8d30-e0d3-5d56-91b3-63d0675a8290,W-003,BB:00:00:00:00:03,2026-01-05,12,Z05-B,2026-01-05T15:36:00.000+00:00,ENTER,IDEAL_GROUND_TRUTH
abcbd7ba-fc78-5b34-bef8-ebb274ff42d2,204a54c1-da20-5d29-8fd5-71c26bdb943b,W-003,BB:00:00:00:00:03,2026-01-05,12,Z05-B,2026-01-05T19:34:00.000+00:00,EXIT,IDEAL_GROUND_TRUTH
abcbd7ba-fc78-5b34-bef8-ebb274ff42d2,1921116e-d7d9-5742-8323-cc2adac6c592,W-003,BB:00:00:00:00:03,2026-01-05,13,Z00,2026-01-05T19:34:00.000+00:00,ENTER,IDEAL_GROUND_TRUTH
abcbd7ba-fc78-5b34-bef8-ebb274ff42d2,7016fbcb-ea26-5346-aec6-8eaf921541cc,W-003,BB:00:00:00:00:03,2026-01-05,13,Z00,2026-01-05T19:37:00.000+00:00,EXIT,IDEAL_GROUND_TRUTH
abcbd7ba-fc78-5b34-bef8-ebb274ff42d2,2f86059c-6eb4-5364-9639-89d66d32a919,W-003,BB:00:00:00:00:03,2026-01-05,14,Z04,2026-01-05T19:37:00.000+00:00,ENTER,IDEAL_GROUND_TRUTH
abcbd7ba-fc78-5b34-bef8-ebb274ff42d2,5e7eeab8-6051-5429-9e46-6b82ac8987ea,W-003,BB:00:00:00:00:03,2026-01-05,14,Z04,2026-01-05T19:44:00.000+00:00,EXIT,IDEAL_GROUND_TRUTH
abcbd7ba-fc78-5b34-bef8-ebb274ff42d2,3350b874-7477-5901-b811-2b0859f94776,W-003,BB:00:00:00:00:03,2026-01-05,15,Z00,2026-01-05T19:44:00.000+00:00,ENTER,IDEAL_GROUND_TRUTH
abcbd7ba-fc78-5b34-bef8-ebb274ff42d2,a19cdb2b-a058-594d-935d-fbdd224c87cd,W-003,BB:00:00:00:00:03,2026-01-05,15,Z00,2026-01-05T19:46:00.000+00:00,EXIT,IDEAL_GROUND_TRUTH
abcbd7ba-fc78-5b34-bef8-ebb274ff42d2,5998649c-5c57-565c-b78d-5cced7f0844c,W-003,BB:00:00:00:00:03,2026-01-05,16,Z02,2026-01-05T19:46:00.000+00:00,ENTER,IDEAL_GROUND_TRUTH
abcbd7ba-fc78-5b34-bef8-ebb274ff42d2,33086990-7c7a-595f-b28f-9e8c3a9d5ba1,W-003,BB:00:00:00:00:03,2026-01-05,16,Z02,2026-01-05T19:53:00.000+00:00,EXIT,IDEAL_GROUND_TRUTH
abcbd7ba-fc78-5b34-bef8-ebb274ff42d2,d3ebd8a2-2342-553d-8cd5-e013a6bf39a7,W-003,BB:00:00:00:00:03,2026-01-05,17,Z01,2026-01-05T19:53:00.000+00:00,ENTER,IDEAL_GROUND_TRUTH
abcbd7ba-fc78-5b34-bef8-ebb274ff42d2,86a73932-218f-5166-a3dc-40276b447124,W-003,BB:00:00:00:00:03,2026-01-05,17,Z01,2026-01-05T19:58:00.000+00:00,EXIT,IDEAL_GROUND_TRUTH
abcbd7ba-fc78-5b34-bef8-ebb274ff42d2,b431cc79-33cf-5aa8-b71b-8b3c200af04f,W-001,BB:00:00:00:00:01,2026-01-06,1,Z01,2026-01-06T11:03:00.000+00:00,ENTER,IDEAL_GROUND_TRUTH
abcbd7ba-fc78-5b34-bef8-ebb274ff42d2,19d9693b-4076-5a4e-beaf-3d685af61324,W-001,BB:00:00:00:00:01,2026-01-06,1,Z01,2026-01-06T11:06:00.000+00:00,EXIT,IDEAL_GROUND_TRUTH
abcbd7ba-fc78-5b34-bef8-ebb274ff42d2,4c1d9b5f-1811-567e-8d52-87993e0e5748,W-001,BB:00:00:00:00:01,2026-01-06,2,Z00,2026-01-06T11:06:00.000+00:00,ENTER,IDEAL_GROUND_TRUTH
abcbd7ba-fc78-5b34-bef8-ebb274ff42d2,3c3c9474-cf26-5155-b634-739806addf74,W-001,BB:00:00:00:00:01,2026-01-06,2,Z00,2026-01-06T11:08:00.000+00:00,EXIT,IDEAL_GROUND_TRUTH
abcbd7ba-fc78-5b34-bef8-ebb274ff42d2,8657ae6c-652c-5501-bdd0-40716d53e1af,W-001,BB:00:00:00:00:01,2026-01-06,3,Z02,2026-01-06T11:08:00.000+00:00,ENTER,IDEAL_GROUND_TRUTH
abcbd7ba-fc78-5b34-bef8-ebb274ff42d2,f7463c41-8503-50e8-ba97-4cb215294f0b,W-001,BB:00:00:00:00:01,2026-01-06,3,Z02,2026-01-06T11:17:00.000+00:00,EXIT,IDEAL_GROUND_TRUTH
abcbd7ba-fc78-5b34-bef8-ebb274ff42d2,c6ac3b67-6835-5c2f-af78-8317c96987ca,W-001,BB:00:00:00:00:01,2026-01-06,4,Z00,2026-01-06T11:17:00.000+00:00,ENTER,IDEAL_GROUND_TRUTH
abcbd7ba-fc78-5b34-bef8-ebb274ff42d2,c826b368-8388-5a0e-bacd-91f8860822fb,W-001,BB:00:00:00:00:01,2026-01-06,4,Z00,2026-01-06T11:20:00.000+00:00,EXIT,IDEAL_GROUND_TRUTH
abcbd7ba-fc78-5b34-bef8-ebb274ff42d2,0dfd6a4b-8b60-5672-a43a-5aa685261588,W-001,BB:00:00:00:00:01,2026-01-06,5,Z03,2026-01-06T11:20:00.000+00:00,ENTER,IDEAL_GROUND_TRUTH
abcbd7ba-fc78-5b34-bef8-ebb274ff42d2,675d03ad-a17e-59b0-8dd3-58219ff9a025,W-001,BB:00:00:00:00:01,2026-01-06,5,Z03,2026-01-06T11:36:00.000+00:00,EXIT,IDEAL_GROUND_TRUTH
abcbd7ba-fc78-5b34-bef8-ebb274ff42d2,26df2d52-7903-5135-afe8-d561903fc696,W-001,BB:00:00:00:00:01,2026-01-06,6,Z00,2026-01-06T11:36:00.000+00:00,ENTER,IDEAL_GROUND_TRUTH
abcbd7ba-fc78-5b34-bef8-ebb274ff42d2,0e284158-100d-5dff-9262-2e289ef99c2f,W-001,BB:00:00:00:00:01,2026-01-06,6,Z00,2026-01-06T11:38:00.000+00:00,EXIT,IDEAL_GROUND_TRUTH
abcbd7ba-fc78-5b34-bef8-ebb274ff42d2,597a7a3b-2f1f-5909-a13a-f8bda5ac550b,W-001,BB:00:00:00:00:01,2026-01-06,7,Z04,2026-01-06T11:38:00.000+00:00,ENTER,IDEAL_GROUND_TRUTH
abcbd7ba-fc78-5b34-bef8-ebb274ff42d2,537c29aa-d067-57b7-b304-9b518b1f8a7b,W-001,BB:00:00:00:00:01,2026-01-06,7,Z04,2026-01-06T11:45:00.000+00:00,EXIT,IDEAL_GROUND_TRUTH
abcbd7ba-fc78-5b34-bef8-ebb274ff42d2,05c8cf0b-8410-55f7-bbeb-462409ba1c33,W-001,BB:00:00:00:00:01,2026-01-06,8,Z00,2026-01-06T11:45:00.000+00:00,ENTER,IDEAL_GROUND_TRUTH
abcbd7ba-fc78-5b34-bef8-ebb274ff42d2,76bdf51b-09bc-587e-942b-62269c1bb674,W-001,BB:00:00:00:00:01,2026-01-06,8,Z00,2026-01-06T11:46:00.000+00:00,EXIT,IDEAL_GROUND_TRUTH
abcbd7ba-fc78-5b34-bef8-ebb274ff42d2,f6ed97af-a027-517f-8631-d309b10a73eb,W-001,BB:00:00:00:00:01,2026-01-06,9,Z05-C,2026-01-06T11:46:00.000+00:00,ENTER,IDEAL_GROUND_TRUTH
abcbd7ba-fc78-5b34-bef8-ebb274ff42d2,12b776d3-e6c5-5c91-9292-0685911a49e9,W-001,BB:00:00:00:00:01,2026-01-06,9,Z05-C,2026-01-06T14:58:00.000+00:00,EXIT,IDEAL_GROUND_TRUTH
abcbd7ba-fc78-5b34-bef8-ebb274ff42d2,83202ccb-ad4a-54a1-a6d9-a8b7d6b615be,W-001,BB:00:00:00:00:01,2026-01-06,10,Z06,2026-01-06T14:58:00.000+00:00,ENTER,IDEAL_GROUND_TRUTH
abcbd7ba-fc78-5b34-bef8-ebb274ff42d2,affb20d3-2c88-58bf-bf15-80acd4e683a6,W-001,BB:00:00:00:00:01,2026-01-06,10,Z06,2026-01-06T15:34:00.000+00:00,EXIT,IDEAL_GROUND_TRUTH
abcbd7ba-fc78-5b34-bef8-ebb274ff42d2,07a33be5-0ec0-5dab-9e11-2ec01216bba0,W-001,BB:00:00:00:00:01,2026-01-06,11,Z00,2026-01-06T15:34:00.000+00:00,ENTER,IDEAL_GROUND_TRUTH
abcbd7ba-fc78-5b34-bef8-ebb274ff42d2,ae0e750e-dde0-5c70-bd37-02fa43548cf8,W-001,BB:00:00:00:00:01,2026-01-06,11,Z00,2026-01-06T15:36:00.000+00:00,EXIT,IDEAL_GROUND_TRUTH
abcbd7ba-fc78-5b34-bef8-ebb274ff42d2,048a302e-38b3-5fc8-a7fb-063113bda960,W-001,BB:00:00:00:00:01,2026-01-06,12,Z05-A,2026-01-06T15:36:00.000+00:00,ENTER,IDEAL_GROUND_TRUTH
abcbd7ba-fc78-5b34-bef8-ebb274ff42d2,16697cbb-d7b6-5052-9971-dd3c3d692fd8,W-001,BB:00:00:00:00:01,2026-01-06,12,Z05-A,2026-01-06T19:44:00.000+00:00,EXIT,IDEAL_GROUND_TRUTH
abcbd7ba-fc78-5b34-bef8-ebb274ff42d2,14e91cc3-4c29-5dba-898e-48c8ea2eb721,W-001,BB:00:00:00:00:01,2026-01-06,13,Z00,2026-01-06T19:44:00.000+00:00,ENTER,IDEAL_GROUND_TRUTH
abcbd7ba-fc78-5b34-bef8-ebb274ff42d2,1b95c271-5c3a-51bd-a6aa-eba96619b100,W-001,BB:00:00:00:00:01,2026-01-06,13,Z00,2026-01-06T19:46:00.000+00:00,EXIT,IDEAL_GROUND_TRUTH
abcbd7ba-fc78-5b34-bef8-ebb274ff42d2,d8ee2931-9d64-55cd-bf9d-161731572127,W-001,BB:00:00:00:00:01,2026-01-06,14,Z04,2026-01-06T19:46:00.000+00:00,ENTER,IDEAL_GROUND_TRUTH
abcbd7ba-fc78-5b34-bef8-ebb274ff42d2,34de16ad-12fa-52b3-b83b-3ba4ce468614,W-001,BB:00:00:00:00:01,2026-01-06,14,Z04,2026-01-06T19:51:00.000+00:00,EXIT,IDEAL_GROUND_TRUTH
abcbd7ba-fc78-5b34-bef8-ebb274ff42d2,ea48b9ef-ebeb-5f8d-85fb-0db0791914b7,W-001,BB:00:00:00:00:01,2026-01-06,15,Z00,2026-01-06T19:51:00.000+00:00,ENTER,IDEAL_GROUND_TRUTH
abcbd7ba-fc78-5b34-bef8-ebb274ff42d2,46bafa3a-dc1e-5e01-ab69-ca49a5efef0e,W-001,BB:00:00:00:00:01,2026-01-06,15,Z00,2026-01-06T19:52:00.000+00:00,EXIT,IDEAL_GROUND_TRUTH
abcbd7ba-fc78-5b34-bef8-ebb274ff42d2,c6583e63-3619-519f-83f5-7448fdd2d429,W-001,BB:00:00:00:00:01,2026-01-06,16,Z02,2026-01-06T19:52:00.000+00:00,ENTER,IDEAL_GROUND_TRUTH
abcbd7ba-fc78-5b34-bef8-ebb274ff42d2,537a32d9-e026-5235-b3b3-0386cb6db9f0,W-001,BB:00:00:00:00:01,2026-01-06,16,Z02,2026-01-06T19:58:00.000+00:00,EXIT,IDEAL_GROUND_TRUTH
abcbd7ba-fc78-5b34-bef8-ebb274ff42d2,2767e1fa-8d88-5179-8099-a7328bbeb4c3,W-001,BB:00:00:00:00:01,2026-01-06,17,Z01,2026-01-06T19:58:00.000+00:00,ENTER,IDEAL_GROUND_TRUTH
abcbd7ba-fc78-5b34-bef8-ebb274ff42d2,d9316bbd-532e-55d4-8510-074104dbccb6,W-001,BB:00:00:00:00:01,2026-01-06,17,Z01,2026-01-06T20:03:00.000+00:00,EXIT,IDEAL_GROUND_TRUTH
abcbd7ba-fc78-5b34-bef8-ebb274ff42d2,9f8b18a3-7106-5a18-951c-a0705c2534aa,W-002,BB:00:00:00:00:02,2026-01-06,1,Z01,2026-01-06T10:59:00.000+00:00,ENTER,IDEAL_GROUND_TRUTH
abcbd7ba-fc78-5b34-bef8-ebb274ff42d2,eed6b747-8909-56c5-84c1-47a242e7ae80,W-002,BB:00:00:00:00:02,2026-01-06,1,Z01,2026-01-06T11:04:00.000+00:00,EXIT,IDEAL_GROUND_TRUTH
abcbd7ba-fc78-5b34-bef8-ebb274ff42d2,6ab37cca-8de2-551a-8019-3093f17d4223,W-002,BB:00:00:00:00:02,2026-01-06,2,Z00,2026-01-06T11:04:00.000+00:00,ENTER,IDEAL_GROUND_TRUTH
abcbd7ba-fc78-5b34-bef8-ebb274ff42d2,9d9f3060-f92d-533d-8fd1-05dc7b364c2a,W-002,BB:00:00:00:00:02,2026-01-06,2,Z00,2026-01-06T11:05:00.000+00:00,EXIT,IDEAL_GROUND_TRUTH
abcbd7ba-fc78-5b34-bef8-ebb274ff42d2,408173ff-fdd5-5e50-af5a-4b04565ed626,W-002,BB:00:00:00:00:02,2026-01-06,3,Z02,2026-01-06T11:05:00.000+00:00,ENTER,IDEAL_GROUND_TRUTH
abcbd7ba-fc78-5b34-bef8-ebb274ff42d2,941a7af8-8f46-5d19-938b-5e1ec363a90f,W-002,BB:00:00:00:00:02,2026-01-06,3,Z02,2026-01-06T11:16:00.000+00:00,EXIT,IDEAL_GROUND_TRUTH
abcbd7ba-fc78-5b34-bef8-ebb274ff42d2,a675bd33-05a5-52b4-bc1b-55329fca7ae2,W-002,BB:00:00:00:00:02,2026-01-06,4,Z00,2026-01-06T11:16:00.000+00:00,ENTER,IDEAL_GROUND_TRUTH
abcbd7ba-fc78-5b34-bef8-ebb274ff42d2,96b27c49-1b81-517e-8731-59f356e90805,W-002,BB:00:00:00:00:02,2026-01-06,4,Z00,2026-01-06T11:17:00.000+00:00,EXIT,IDEAL_GROUND_TRUTH
abcbd7ba-fc78-5b34-bef8-ebb274ff42d2,ecea1ad1-b380-5d90-bc1a-267ccfa14f2d,W-002,BB:00:00:00:00:02,2026-01-06,5,Z03,2026-01-06T11:17:00.000+00:00,ENTER,IDEAL_GROUND_TRUTH
abcbd7ba-fc78-5b34-bef8-ebb274ff42d2,29924164-712b-58a8-9d2c-627d86238cef,W-002,BB:00:00:00:00:02,2026-01-06,5,Z03,2026-01-06T11:37:00.000+00:00,EXIT,IDEAL_GROUND_TRUTH
abcbd7ba-fc78-5b34-bef8-ebb274ff42d2,14de0955-c5c1-5d37-95e3-134066360337,W-002,BB:00:00:00:00:02,2026-01-06,6,Z00,2026-01-06T11:37:00.000+00:00,ENTER,IDEAL_GROUND_TRUTH
abcbd7ba-fc78-5b34-bef8-ebb274ff42d2,ba3e79b9-bebe-5907-8a44-c20a9a94b134,W-002,BB:00:00:00:00:02,2026-01-06,6,Z00,2026-01-06T11:38:00.000+00:00,EXIT,IDEAL_GROUND_TRUTH
abcbd7ba-fc78-5b34-bef8-ebb274ff42d2,d9be31d2-909a-53c3-8146-c0caecd67886,W-002,BB:00:00:00:00:02,2026-01-06,7,Z04,2026-01-06T11:38:00.000+00:00,ENTER,IDEAL_GROUND_TRUTH
abcbd7ba-fc78-5b34-bef8-ebb274ff42d2,1c3f892b-d915-5c54-a58a-8121a9d94968,W-002,BB:00:00:00:00:02,2026-01-06,7,Z04,2026-01-06T11:45:00.000+00:00,EXIT,IDEAL_GROUND_TRUTH
abcbd7ba-fc78-5b34-bef8-ebb274ff42d2,51b72020-25ea-5902-a49a-f1bef4e562cd,W-002,BB:00:00:00:00:02,2026-01-06,8,Z00,2026-01-06T11:45:00.000+00:00,ENTER,IDEAL_GROUND_TRUTH
abcbd7ba-fc78-5b34-bef8-ebb274ff42d2,ce886565-0d48-5fd3-b882-c51647901402,W-002,BB:00:00:00:00:02,2026-01-06,8,Z00,2026-01-06T11:47:00.000+00:00,EXIT,IDEAL_GROUND_TRUTH
abcbd7ba-fc78-5b34-bef8-ebb274ff42d2,82e63a4d-8952-5018-a1f3-aa567592651b,W-002,BB:00:00:00:00:02,2026-01-06,9,Z05-B,2026-01-06T11:47:00.000+00:00,ENTER,IDEAL_GROUND_TRUTH
abcbd7ba-fc78-5b34-bef8-ebb274ff42d2,93423951-cedb-5251-85cc-d142d0fff94b,W-002,BB:00:00:00:00:02,2026-01-06,9,Z05-B,2026-01-06T15:01:00.000+00:00,EXIT,IDEAL_GROUND_TRUTH
abcbd7ba-fc78-5b34-bef8-ebb274ff42d2,bbc5c8bd-849b-5e50-abe4-30a74ead79d4,W-002,BB:00:00:00:00:02,2026-01-06,10,Z06,2026-01-06T15:01:00.000+00:00,ENTER,IDEAL_GROUND_TRUTH
abcbd7ba-fc78-5b34-bef8-ebb274ff42d2,a270002f-22e6-5035-86cc-37bd93d6efc8,W-002,BB:00:00:00:00:02,2026-01-06,10,Z06,2026-01-06T15:37:00.000+00:00,EXIT,IDEAL_GROUND_TRUTH
abcbd7ba-fc78-5b34-bef8-ebb274ff42d2,3e779a63-b074-553e-93dc-cc1a87d759e1,W-002,BB:00:00:00:00:02,2026-01-06,11,Z00,2026-01-06T15:37:00.000+00:00,ENTER,IDEAL_GROUND_TRUTH
abcbd7ba-fc78-5b34-bef8-ebb274ff42d2,989baf11-1757-5bf3-b11f-cbafa014626a,W-002,BB:00:00:00:00:02,2026-01-06,11,Z00,2026-01-06T15:39:00.000+00:00,EXIT,IDEAL_GROUND_TRUTH
abcbd7ba-fc78-5b34-bef8-ebb274ff42d2,0aeaaa2b-f665-517b-9e0b-006889b367d0,W-002,BB:00:00:00:00:02,2026-01-06,12,Z05-C,2026-01-06T15:39:00.000+00:00,ENTER,IDEAL_GROUND_TRUTH
abcbd7ba-fc78-5b34-bef8-ebb274ff42d2,fc3b36bd-46ac-5b4c-918d-6c12739221cf,W-002,BB:00:00:00:00:02,2026-01-06,12,Z05-C,2026-01-06T19:37:00.000+00:00,EXIT,IDEAL_GROUND_TRUTH
abcbd7ba-fc78-5b34-bef8-ebb274ff42d2,a779686b-96ce-5331-ab32-d5c7768f8ad5,W-002,BB:00:00:00:00:02,2026-01-06,13,Z00,2026-01-06T19:37:00.000+00:00,ENTER,IDEAL_GROUND_TRUTH
abcbd7ba-fc78-5b34-bef8-ebb274ff42d2,f888a961-898f-5fba-9a6e-8b98e3f5474d,W-002,BB:00:00:00:00:02,2026-01-06,13,Z00,2026-01-06T19:39:00.000+00:00,EXIT,IDEAL_GROUND_TRUTH
abcbd7ba-fc78-5b34-bef8-ebb274ff42d2,d2d3fcc9-99f1-55d6-aaca-18d4cb39b985,W-002,BB:00:00:00:00:02,2026-01-06,14,Z04,2026-01-06T19:39:00.000+00:00,ENTER,IDEAL_GROUND_TRUTH
abcbd7ba-fc78-5b34-bef8-ebb274ff42d2,f04eb43b-915f-5cc6-ad79-1dc2fc1c93f3,W-002,BB:00:00:00:00:02,2026-01-06,14,Z04,2026-01-06T19:43:00.000+00:00,EXIT,IDEAL_GROUND_TRUTH
abcbd7ba-fc78-5b34-bef8-ebb274ff42d2,f27133c8-5ec8-515b-9ea0-c7f5d241c965,W-002,BB:00:00:00:00:02,2026-01-06,15,Z00,2026-01-06T19:43:00.000+00:00,ENTER,IDEAL_GROUND_TRUTH
abcbd7ba-fc78-5b34-bef8-ebb274ff42d2,c7d8e9be-f41a-5ee0-bb6c-6027f9cee325,W-002,BB:00:00:00:00:02,2026-01-06,15,Z00,2026-01-06T19:44:00.000+00:00,EXIT,IDEAL_GROUND_TRUTH
abcbd7ba-fc78-5b34-bef8-ebb274ff42d2,8dd7a7d8-81bb-51ff-b470-d7fd2d2e4655,W-002,BB:00:00:00:00:02,2026-01-06,16,Z02,2026-01-06T19:44:00.000+00:00,ENTER,IDEAL_GROUND_TRUTH
abcbd7ba-fc78-5b34-bef8-ebb274ff42d2,ffd78a5d-8c4a-508c-bfec-c1526741f284,W-002,BB:00:00:00:00:02,2026-01-06,16,Z02,2026-01-06T19:54:00.000+00:00,EXIT,IDEAL_GROUND_TRUTH
abcbd7ba-fc78-5b34-bef8-ebb274ff42d2,b700f884-6b5b-5e02-b9c4-c69f0cfff5d2,W-002,BB:00:00:00:00:02,2026-01-06,17,Z01,2026-01-06T19:54:00.000+00:00,ENTER,IDEAL_GROUND_TRUTH
abcbd7ba-fc78-5b34-bef8-ebb274ff42d2,820a6063-fb21-5012-a134-760917a9001a,W-002,BB:00:00:00:00:02,2026-01-06,17,Z01,2026-01-06T19:59:00.000+00:00,EXIT,IDEAL_GROUND_TRUTH
abcbd7ba-fc78-5b34-bef8-ebb274ff42d2,0a5a2604-cff3-5abe-a50a-aa063a39ca4b,W-003,BB:00:00:00:00:03,2026-01-06,1,Z01,2026-01-06T11:08:00.000+00:00,ENTER,IDEAL_GROUND_TRUTH
abcbd7ba-fc78-5b34-bef8-ebb274ff42d2,23966869-7965-5716-a6bb-4b4a85e28999,W-003,BB:00:00:00:00:03,2026-01-06,1,Z01,2026-01-06T11:13:00.000+00:00,EXIT,IDEAL_GROUND_TRUTH
abcbd7ba-fc78-5b34-bef8-ebb274ff42d2,bc23070c-aca9-5bf7-9055-ad4472ff19c0,W-003,BB:00:00:00:00:03,2026-01-06,2,Z00,2026-01-06T11:13:00.000+00:00,ENTER,IDEAL_GROUND_TRUTH
abcbd7ba-fc78-5b34-bef8-ebb274ff42d2,b75f3c38-f60b-5ab7-86e4-a770392b7123,W-003,BB:00:00:00:00:03,2026-01-06,2,Z00,2026-01-06T11:14:00.000+00:00,EXIT,IDEAL_GROUND_TRUTH
abcbd7ba-fc78-5b34-bef8-ebb274ff42d2,4e5eb6c2-b83a-5338-98b9-990c73df654d,W-003,BB:00:00:00:00:03,2026-01-06,3,Z02,2026-01-06T11:14:00.000+00:00,ENTER,IDEAL_GROUND_TRUTH
abcbd7ba-fc78-5b34-bef8-ebb274ff42d2,270a8df7-2b74-5218-b711-47b93ed76533,W-003,BB:00:00:00:00:03,2026-01-06,3,Z02,2026-01-06T11:29:00.000+00:00,EXIT,IDEAL_GROUND_TRUTH
abcbd7ba-fc78-5b34-bef8-ebb274ff42d2,3bbd2c06-69de-5aee-aa1e-e44ca3a05d9f,W-003,BB:00:00:00:00:03,2026-01-06,4,Z00,2026-01-06T11:29:00.000+00:00,ENTER,IDEAL_GROUND_TRUTH
abcbd7ba-fc78-5b34-bef8-ebb274ff42d2,617f59dd-cb90-5e57-95c0-a8615bea2918,W-003,BB:00:00:00:00:03,2026-01-06,4,Z00,2026-01-06T11:30:00.000+00:00,EXIT,IDEAL_GROUND_TRUTH
abcbd7ba-fc78-5b34-bef8-ebb274ff42d2,d59911cb-123b-50ae-8e95-9ef44ef0e011,W-003,BB:00:00:00:00:03,2026-01-06,5,Z03,2026-01-06T11:30:00.000+00:00,ENTER,IDEAL_GROUND_TRUTH
abcbd7ba-fc78-5b34-bef8-ebb274ff42d2,365f1d6e-a47c-582d-976c-b32c502832d4,W-003,BB:00:00:00:00:03,2026-01-06,5,Z03,2026-01-06T11:42:00.000+00:00,EXIT,IDEAL_GROUND_TRUTH
abcbd7ba-fc78-5b34-bef8-ebb274ff42d2,b4b705a4-636b-5fad-8627-430ef19c1a49,W-003,BB:00:00:00:00:03,2026-01-06,6,Z00,2026-01-06T11:42:00.000+00:00,ENTER,IDEAL_GROUND_TRUTH
abcbd7ba-fc78-5b34-bef8-ebb274ff42d2,4409b00d-9931-572d-9c12-525c453d8c34,W-003,BB:00:00:00:00:03,2026-01-06,6,Z00,2026-01-06T11:45:00.000+00:00,EXIT,IDEAL_GROUND_TRUTH
abcbd7ba-fc78-5b34-bef8-ebb274ff42d2,254ae545-4037-537e-bd26-e782b1b58478,W-003,BB:00:00:00:00:03,2026-01-06,7,Z04,2026-01-06T11:45:00.000+00:00,ENTER,IDEAL_GROUND_TRUTH
abcbd7ba-fc78-5b34-bef8-ebb274ff42d2,1df7e22f-7672-5736-8e7b-b11f1f369708,W-003,BB:00:00:00:00:03,2026-01-06,7,Z04,2026-01-06T11:52:00.000+00:00,EXIT,IDEAL_GROUND_TRUTH
abcbd7ba-fc78-5b34-bef8-ebb274ff42d2,257fd6bc-d679-5798-9290-4958eec5e3b9,W-003,BB:00:00:00:00:03,2026-01-06,8,Z00,2026-01-06T11:52:00.000+00:00,ENTER,IDEAL_GROUND_TRUTH
abcbd7ba-fc78-5b34-bef8-ebb274ff42d2,e883c55a-10e0-5d65-9b66-4eeec6ff310f,W-003,BB:00:00:00:00:03,2026-01-06,8,Z00,2026-01-06T11:55:00.000+00:00,EXIT,IDEAL_GROUND_TRUTH
abcbd7ba-fc78-5b34-bef8-ebb274ff42d2,b1281a34-ec99-5ee1-bea6-ab4515a0a94a,W-003,BB:00:00:00:00:03,2026-01-06,9,Z05-B,2026-01-06T11:55:00.000+00:00,ENTER,IDEAL_GROUND_TRUTH
abcbd7ba-fc78-5b34-bef8-ebb274ff42d2,00edda44-45e7-56b2-a456-6652f23fae7a,W-003,BB:00:00:00:00:03,2026-01-06,9,Z05-B,2026-01-06T15:02:00.000+00:00,EXIT,IDEAL_GROUND_TRUTH
abcbd7ba-fc78-5b34-bef8-ebb274ff42d2,acde1b4f-ea25-5bc5-b2bb-c752ac9e5483,W-003,BB:00:00:00:00:03,2026-01-06,10,Z06,2026-01-06T15:02:00.000+00:00,ENTER,IDEAL_GROUND_TRUTH
abcbd7ba-fc78-5b34-bef8-ebb274ff42d2,25e9dcae-c224-57da-bd9f-ae4bce55e666,W-003,BB:00:00:00:00:03,2026-01-06,10,Z06,2026-01-06T15:38:00.000+00:00,EXIT,IDEAL_GROUND_TRUTH
abcbd7ba-fc78-5b34-bef8-ebb274ff42d2,d0b978ac-89cc-5f3c-9879-e761193af596,W-003,BB:00:00:00:00:03,2026-01-06,11,Z05-B,2026-01-06T15:38:00.000+00:00,ENTER,IDEAL_GROUND_TRUTH
abcbd7ba-fc78-5b34-bef8-ebb274ff42d2,8dfe6c9e-0b49-5085-92a6-d60e32ee9e23,W-003,BB:00:00:00:00:03,2026-01-06,11,Z05-B,2026-01-06T19:42:00.000+00:00,EXIT,IDEAL_GROUND_TRUTH
abcbd7ba-fc78-5b34-bef8-ebb274ff42d2,dc4df620-e830-5ffd-9117-ac5380c435a8,W-003,BB:00:00:00:00:03,2026-01-06,12,Z00,2026-01-06T19:42:00.000+00:00,ENTER,IDEAL_GROUND_TRUTH
abcbd7ba-fc78-5b34-bef8-ebb274ff42d2,ca2a1037-0cdd-5f1f-81cd-499d4d738eac,W-003,BB:00:00:00:00:03,2026-01-06,12,Z00,2026-01-06T19:44:00.000+00:00,EXIT,IDEAL_GROUND_TRUTH
abcbd7ba-fc78-5b34-bef8-ebb274ff42d2,e45b923c-e7bd-57af-b1af-ad55a3c6f0aa,W-003,BB:00:00:00:00:03,2026-01-06,13,Z04,2026-01-06T19:44:00.000+00:00,ENTER,IDEAL_GROUND_TRUTH
abcbd7ba-fc78-5b34-bef8-ebb274ff42d2,a5fd7be1-c061-55bd-8e22-078b2ea5e65a,W-003,BB:00:00:00:00:03,2026-01-06,13,Z04,2026-01-06T19:51:00.000+00:00,EXIT,IDEAL_GROUND_TRUTH
abcbd7ba-fc78-5b34-bef8-ebb274ff42d2,ed65a354-c8d8-5362-8a5e-8ba7a3a7d912,W-003,BB:00:00:00:00:03,2026-01-06,14,Z00,2026-01-06T19:51:00.000+00:00,ENTER,IDEAL_GROUND_TRUTH
abcbd7ba-fc78-5b34-bef8-ebb274ff42d2,9f4992e5-401b-5b07-9d3a-fba1e75944dd,W-003,BB:00:00:00:00:03,2026-01-06,14,Z00,2026-01-06T19:54:00.000+00:00,EXIT,IDEAL_GROUND_TRUTH
abcbd7ba-fc78-5b34-bef8-ebb274ff42d2,d59bd89a-94f0-5b33-8353-95e872cbb1d1,W-003,BB:00:00:00:00:03,2026-01-06,15,Z02,2026-01-06T19:54:00.000+00:00,ENTER,IDEAL_GROUND_TRUTH
abcbd7ba-fc78-5b34-bef8-ebb274ff42d2,c364f6d1-6e07-588e-b600-f83b2b94451e,W-003,BB:00:00:00:00:03,2026-01-06,15,Z02,2026-01-06T20:03:00.000+00:00,EXIT,IDEAL_GROUND_TRUTH
abcbd7ba-fc78-5b34-bef8-ebb274ff42d2,fbab1113-d51d-52c2-bf2b-1e02f885c98a,W-003,BB:00:00:00:00:03,2026-01-06,16,Z01,2026-01-06T20:03:00.000+00:00,ENTER,IDEAL_GROUND_TRUTH
abcbd7ba-fc78-5b34-bef8-ebb274ff42d2,76c0a6b5-299c-5dc4-9219-1347a0793110,W-003,BB:00:00:00:00:03,2026-01-06,16,Z01,2026-01-06T20:08:00.000+00:00,EXIT,IDEAL_GROUND_TRUTH
abcbd7ba-fc78-5b34-bef8-ebb274ff42d2,111b2f22-4894-510a-a5cf-fc4b9f488dde,W-001,BB:00:00:00:00:01,2026-01-07,1,Z01,2026-01-07T11:01:00.000+00:00,ENTER,IDEAL_GROUND_TRUTH
abcbd7ba-fc78-5b34-bef8-ebb274ff42d2,6084427d-e1dd-5943-8bf9-be188bfe47c0,W-001,BB:00:00:00:00:01,2026-01-07,1,Z01,2026-01-07T11:04:00.000+00:00,EXIT,IDEAL_GROUND_TRUTH
abcbd7ba-fc78-5b34-bef8-ebb274ff42d2,48f6cbb5-d9f3-56ab-b9fd-602a4a960885,W-001,BB:00:00:00:00:01,2026-01-07,2,Z00,2026-01-07T11:04:00.000+00:00,ENTER,IDEAL_GROUND_TRUTH
abcbd7ba-fc78-5b34-bef8-ebb274ff42d2,e2b05bba-cd75-5dce-af00-e01044899ba5,W-001,BB:00:00:00:00:01,2026-01-07,2,Z00,2026-01-07T11:07:00.000+00:00,EXIT,IDEAL_GROUND_TRUTH
abcbd7ba-fc78-5b34-bef8-ebb274ff42d2,dce55225-5ec5-5c3d-b08c-281b89b23806,W-001,BB:00:00:00:00:01,2026-01-07,3,Z02,2026-01-07T11:07:00.000+00:00,ENTER,IDEAL_GROUND_TRUTH
abcbd7ba-fc78-5b34-bef8-ebb274ff42d2,8c80e569-4483-5f51-a6d5-66d0226bf86b,W-001,BB:00:00:00:00:01,2026-01-07,3,Z02,2026-01-07T11:17:00.000+00:00,EXIT,IDEAL_GROUND_TRUTH
abcbd7ba-fc78-5b34-bef8-ebb274ff42d2,39a6150c-4b8d-5485-93eb-d1b2fb31382d,W-001,BB:00:00:00:00:01,2026-01-07,4,Z00,2026-01-07T11:17:00.000+00:00,ENTER,IDEAL_GROUND_TRUTH
abcbd7ba-fc78-5b34-bef8-ebb274ff42d2,f3b665cd-dda2-57ca-960b-6280648380f9,W-001,BB:00:00:00:00:01,2026-01-07,4,Z00,2026-01-07T11:19:00.000+00:00,EXIT,IDEAL_GROUND_TRUTH
abcbd7ba-fc78-5b34-bef8-ebb274ff42d2,88bae309-61c5-5023-be5e-8462e6a7f21b,W-001,BB:00:00:00:00:01,2026-01-07,5,Z03,2026-01-07T11:19:00.000+00:00,ENTER,IDEAL_GROUND_TRUTH
abcbd7ba-fc78-5b34-bef8-ebb274ff42d2,069520a3-f47c-5513-91f2-00a8f4813624,W-001,BB:00:00:00:00:01,2026-01-07,5,Z03,2026-01-07T11:39:00.000+00:00,EXIT,IDEAL_GROUND_TRUTH
abcbd7ba-fc78-5b34-bef8-ebb274ff42d2,852a7836-006d-5b2a-b55b-8254dd068292,W-001,BB:00:00:00:00:01,2026-01-07,6,Z00,2026-01-07T11:39:00.000+00:00,ENTER,IDEAL_GROUND_TRUTH
abcbd7ba-fc78-5b34-bef8-ebb274ff42d2,816585a8-e73a-58da-8696-d81f0dda90b2,W-001,BB:00:00:00:00:01,2026-01-07,6,Z00,2026-01-07T11:42:00.000+00:00,EXIT,IDEAL_GROUND_TRUTH
abcbd7ba-fc78-5b34-bef8-ebb274ff42d2,412263d9-6a41-57e4-a3ef-246de501f54b,W-001,BB:00:00:00:00:01,2026-01-07,7,Z04,2026-01-07T11:42:00.000+00:00,ENTER,IDEAL_GROUND_TRUTH
abcbd7ba-fc78-5b34-bef8-ebb274ff42d2,a2d90630-c01e-554b-a3e5-d038859ac15f,W-001,BB:00:00:00:00:01,2026-01-07,7,Z04,2026-01-07T11:48:00.000+00:00,EXIT,IDEAL_GROUND_TRUTH
abcbd7ba-fc78-5b34-bef8-ebb274ff42d2,e7728d7c-176f-59dc-9feb-3b78eca1faed,W-001,BB:00:00:00:00:01,2026-01-07,8,Z00,2026-01-07T11:48:00.000+00:00,ENTER,IDEAL_GROUND_TRUTH
abcbd7ba-fc78-5b34-bef8-ebb274ff42d2,950e2242-439a-599c-a58a-3fd9d4313acb,W-001,BB:00:00:00:00:01,2026-01-07,8,Z00,2026-01-07T11:49:00.000+00:00,EXIT,IDEAL_GROUND_TRUTH
abcbd7ba-fc78-5b34-bef8-ebb274ff42d2,d1b59ace-6c34-5c64-ac30-eba5851b948a,W-001,BB:00:00:00:00:01,2026-01-07,9,Z05-C,2026-01-07T11:49:00.000+00:00,ENTER,IDEAL_GROUND_TRUTH
abcbd7ba-fc78-5b34-bef8-ebb274ff42d2,1b9882e1-d35b-5297-befd-7819af1a03c6,W-001,BB:00:00:00:00:01,2026-01-07,9,Z05-C,2026-01-07T14:51:00.000+00:00,EXIT,IDEAL_GROUND_TRUTH
abcbd7ba-fc78-5b34-bef8-ebb274ff42d2,8040c201-a9fa-5a65-b510-46e4f3db3e68,W-001,BB:00:00:00:00:01,2026-01-07,10,Z06,2026-01-07T14:51:00.000+00:00,ENTER,IDEAL_GROUND_TRUTH
abcbd7ba-fc78-5b34-bef8-ebb274ff42d2,9b7c044a-eed6-5523-8a43-1301a2d19736,W-001,BB:00:00:00:00:01,2026-01-07,10,Z06,2026-01-07T15:27:00.000+00:00,EXIT,IDEAL_GROUND_TRUTH
abcbd7ba-fc78-5b34-bef8-ebb274ff42d2,0ca3dfe2-17fd-57c2-8553-928340c6005c,W-001,BB:00:00:00:00:01,2026-01-07,11,Z05-C,2026-01-07T15:27:00.000+00:00,ENTER,IDEAL_GROUND_TRUTH
abcbd7ba-fc78-5b34-bef8-ebb274ff42d2,b669c730-2bd8-5280-85ce-059f393ef276,W-001,BB:00:00:00:00:01,2026-01-07,11,Z05-C,2026-01-07T19:36:00.000+00:00,EXIT,IDEAL_GROUND_TRUTH
abcbd7ba-fc78-5b34-bef8-ebb274ff42d2,3d99f86e-58bd-5bee-b423-c0ff8383315b,W-001,BB:00:00:00:00:01,2026-01-07,12,Z00,2026-01-07T19:36:00.000+00:00,ENTER,IDEAL_GROUND_TRUTH
abcbd7ba-fc78-5b34-bef8-ebb274ff42d2,8d453088-0cb5-5b91-97d5-acf1235a8427,W-001,BB:00:00:00:00:01,2026-01-07,12,Z00,2026-01-07T19:38:00.000+00:00,EXIT,IDEAL_GROUND_TRUTH
abcbd7ba-fc78-5b34-bef8-ebb274ff42d2,af956ffe-f9db-5881-94b4-349bb29691d8,W-001,BB:00:00:00:00:01,2026-01-07,13,Z04,2026-01-07T19:38:00.000+00:00,ENTER,IDEAL_GROUND_TRUTH
abcbd7ba-fc78-5b34-bef8-ebb274ff42d2,6fc12db4-6413-589c-8c29-0b10a51a5c68,W-001,BB:00:00:00:00:01,2026-01-07,13,Z04,2026-01-07T19:44:00.000+00:00,EXIT,IDEAL_GROUND_TRUTH
abcbd7ba-fc78-5b34-bef8-ebb274ff42d2,45ab89fb-c616-5ac2-8bd0-92df87b2af5a,W-001,BB:00:00:00:00:01,2026-01-07,14,Z00,2026-01-07T19:44:00.000+00:00,ENTER,IDEAL_GROUND_TRUTH
abcbd7ba-fc78-5b34-bef8-ebb274ff42d2,2f43e282-a2cb-5500-9f76-a5f291c296e5,W-001,BB:00:00:00:00:01,2026-01-07,14,Z00,2026-01-07T19:47:00.000+00:00,EXIT,IDEAL_GROUND_TRUTH
abcbd7ba-fc78-5b34-bef8-ebb274ff42d2,97259dfd-334b-5e40-9f6a-42f5e34e6209,W-001,BB:00:00:00:00:01,2026-01-07,15,Z02,2026-01-07T19:47:00.000+00:00,ENTER,IDEAL_GROUND_TRUTH
abcbd7ba-fc78-5b34-bef8-ebb274ff42d2,6fbc989f-1639-56c9-9c10-c46cbb5afa9f,W-001,BB:00:00:00:00:01,2026-01-07,15,Z02,2026-01-07T19:57:00.000+00:00,EXIT,IDEAL_GROUND_TRUTH
abcbd7ba-fc78-5b34-bef8-ebb274ff42d2,e867bb2e-9c99-5bd7-ad6f-c176122ada58,W-001,BB:00:00:00:00:01,2026-01-07,16,Z01,2026-01-07T19:57:00.000+00:00,ENTER,IDEAL_GROUND_TRUTH
abcbd7ba-fc78-5b34-bef8-ebb274ff42d2,493e22c0-f688-5792-9b74-476900337182,W-001,BB:00:00:00:00:01,2026-01-07,16,Z01,2026-01-07T20:01:00.000+00:00,EXIT,IDEAL_GROUND_TRUTH
abcbd7ba-fc78-5b34-bef8-ebb274ff42d2,81c9c883-aa89-5761-b75a-b2092abce0da,W-002,BB:00:00:00:00:02,2026-01-07,1,Z01,2026-01-07T11:01:00.000+00:00,ENTER,IDEAL_GROUND_TRUTH
abcbd7ba-fc78-5b34-bef8-ebb274ff42d2,bdf03f2d-6214-51cf-b099-14a23a0ce378,W-002,BB:00:00:00:00:02,2026-01-07,1,Z01,2026-01-07T11:04:00.000+00:00,EXIT,IDEAL_GROUND_TRUTH
abcbd7ba-fc78-5b34-bef8-ebb274ff42d2,5d391454-1bb3-5579-8018-af88676a1547,W-002,BB:00:00:00:00:02,2026-01-07,2,Z00,2026-01-07T11:04:00.000+00:00,ENTER,IDEAL_GROUND_TRUTH
abcbd7ba-fc78-5b34-bef8-ebb274ff42d2,5c177845-f2e6-58cf-a3aa-3c0f611093f9,W-002,BB:00:00:00:00:02,2026-01-07,2,Z00,2026-01-07T11:05:00.000+00:00,EXIT,IDEAL_GROUND_TRUTH
abcbd7ba-fc78-5b34-bef8-ebb274ff42d2,d64e9d75-49ba-5f49-843b-5c0d31f30ea7,W-002,BB:00:00:00:00:02,2026-01-07,3,Z02,2026-01-07T11:05:00.000+00:00,ENTER,IDEAL_GROUND_TRUTH
abcbd7ba-fc78-5b34-bef8-ebb274ff42d2,c709a59d-7753-5382-9e20-3656729e3ee5,W-002,BB:00:00:00:00:02,2026-01-07,3,Z02,2026-01-07T11:17:00.000+00:00,EXIT,IDEAL_GROUND_TRUTH
abcbd7ba-fc78-5b34-bef8-ebb274ff42d2,353ab775-3674-5ca6-afbf-3685afa75f73,W-002,BB:00:00:00:00:02,2026-01-07,4,Z00,2026-01-07T11:17:00.000+00:00,ENTER,IDEAL_GROUND_TRUTH
abcbd7ba-fc78-5b34-bef8-ebb274ff42d2,4bd3997f-d764-5a57-902f-45f62c1a0d27,W-002,BB:00:00:00:00:02,2026-01-07,4,Z00,2026-01-07T11:19:00.000+00:00,EXIT,IDEAL_GROUND_TRUTH
abcbd7ba-fc78-5b34-bef8-ebb274ff42d2,fe25e593-5979-5099-b656-32b39dd9a6ed,W-002,BB:00:00:00:00:02,2026-01-07,5,Z03,2026-01-07T11:19:00.000+00:00,ENTER,IDEAL_GROUND_TRUTH
abcbd7ba-fc78-5b34-bef8-ebb274ff42d2,a2ab02d4-33fb-541d-82c4-b7fc5226f43c,W-002,BB:00:00:00:00:02,2026-01-07,5,Z03,2026-01-07T11:39:00.000+00:00,EXIT,IDEAL_GROUND_TRUTH
abcbd7ba-fc78-5b34-bef8-ebb274ff42d2,8eba217b-96ff-5c07-9684-366e25caa476,W-002,BB:00:00:00:00:02,2026-01-07,6,Z00,2026-01-07T11:39:00.000+00:00,ENTER,IDEAL_GROUND_TRUTH
abcbd7ba-fc78-5b34-bef8-ebb274ff42d2,672ea166-79f5-56cb-82c5-7c68e0baba0d,W-002,BB:00:00:00:00:02,2026-01-07,6,Z00,2026-01-07T11:41:00.000+00:00,EXIT,IDEAL_GROUND_TRUTH
abcbd7ba-fc78-5b34-bef8-ebb274ff42d2,d00fcac5-3001-58be-9aa7-d64d90313634,W-002,BB:00:00:00:00:02,2026-01-07,7,Z04,2026-01-07T11:41:00.000+00:00,ENTER,IDEAL_GROUND_TRUTH
abcbd7ba-fc78-5b34-bef8-ebb274ff42d2,7d9eb154-0a10-5af1-9ea3-2445862ea029,W-002,BB:00:00:00:00:02,2026-01-07,7,Z04,2026-01-07T11:48:00.000+00:00,EXIT,IDEAL_GROUND_TRUTH
abcbd7ba-fc78-5b34-bef8-ebb274ff42d2,ea6b7472-df40-5865-89f4-e6c486d7930a,W-002,BB:00:00:00:00:02,2026-01-07,8,Z00,2026-01-07T11:48:00.000+00:00,ENTER,IDEAL_GROUND_TRUTH
abcbd7ba-fc78-5b34-bef8-ebb274ff42d2,b680c5fa-a2e2-51cb-8548-cce91b71d334,W-002,BB:00:00:00:00:02,2026-01-07,8,Z00,2026-01-07T11:49:00.000+00:00,EXIT,IDEAL_GROUND_TRUTH
abcbd7ba-fc78-5b34-bef8-ebb274ff42d2,e25535a1-96a1-5de3-b627-1b71c880946a,W-002,BB:00:00:00:00:02,2026-01-07,9,Z05-C,2026-01-07T11:49:00.000+00:00,ENTER,IDEAL_GROUND_TRUTH
abcbd7ba-fc78-5b34-bef8-ebb274ff42d2,d8ba6cea-4807-5de1-a76a-c4374cd11d09,W-002,BB:00:00:00:00:02,2026-01-07,9,Z05-C,2026-01-07T15:11:00.000+00:00,EXIT,IDEAL_GROUND_TRUTH
abcbd7ba-fc78-5b34-bef8-ebb274ff42d2,a929f400-3bf1-5704-b0cf-1761ae0767fa,W-002,BB:00:00:00:00:02,2026-01-07,10,Z06,2026-01-07T15:11:00.000+00:00,ENTER,IDEAL_GROUND_TRUTH
abcbd7ba-fc78-5b34-bef8-ebb274ff42d2,35c48d01-1f3a-5f67-a4f9-26b39deebc33,W-002,BB:00:00:00:00:02,2026-01-07,10,Z06,2026-01-07T15:47:00.000+00:00,EXIT,IDEAL_GROUND_TRUTH
abcbd7ba-fc78-5b34-bef8-ebb274ff42d2,20e91c3a-8ad2-5aa1-bf76-b3be2c3eed1a,W-002,BB:00:00:00:00:02,2026-01-07,11,Z05-C,2026-01-07T15:47:00.000+00:00,ENTER,IDEAL_GROUND_TRUTH
abcbd7ba-fc78-5b34-bef8-ebb274ff42d2,68f788a3-c7bb-5afd-b5ba-dc64776b392d,W-002,BB:00:00:00:00:02,2026-01-07,11,Z05-C,2026-01-07T19:39:00.000+00:00,EXIT,IDEAL_GROUND_TRUTH
abcbd7ba-fc78-5b34-bef8-ebb274ff42d2,5bcfedcf-52ac-57c7-8148-4254243b6a84,W-002,BB:00:00:00:00:02,2026-01-07,12,Z00,2026-01-07T19:39:00.000+00:00,ENTER,IDEAL_GROUND_TRUTH
abcbd7ba-fc78-5b34-bef8-ebb274ff42d2,37d40319-a611-5c46-a786-5666e15cddac,W-002,BB:00:00:00:00:02,2026-01-07,12,Z00,2026-01-07T19:40:00.000+00:00,EXIT,IDEAL_GROUND_TRUTH
abcbd7ba-fc78-5b34-bef8-ebb274ff42d2,cac0cc9e-da8a-56c8-a3b2-46d67b6af459,W-002,BB:00:00:00:00:02,2026-01-07,13,Z04,2026-01-07T19:40:00.000+00:00,ENTER,IDEAL_GROUND_TRUTH
abcbd7ba-fc78-5b34-bef8-ebb274ff42d2,1ff99a1e-32b7-589b-b4fd-ffd15906b8a3,W-002,BB:00:00:00:00:02,2026-01-07,13,Z04,2026-01-07T19:45:00.000+00:00,EXIT,IDEAL_GROUND_TRUTH
abcbd7ba-fc78-5b34-bef8-ebb274ff42d2,a8fc5e16-9d00-53fb-b98b-83086e5990bf,W-002,BB:00:00:00:00:02,2026-01-07,14,Z00,2026-01-07T19:45:00.000+00:00,ENTER,IDEAL_GROUND_TRUTH
abcbd7ba-fc78-5b34-bef8-ebb274ff42d2,318795d7-9de9-5de9-af28-095a7e4273aa,W-002,BB:00:00:00:00:02,2026-01-07,14,Z00,2026-01-07T19:48:00.000+00:00,EXIT,IDEAL_GROUND_TRUTH
abcbd7ba-fc78-5b34-bef8-ebb274ff42d2,c2cd0d7a-3ce5-51d8-9dc7-45b9fe9a6318,W-002,BB:00:00:00:00:02,2026-01-07,15,Z02,2026-01-07T19:48:00.000+00:00,ENTER,IDEAL_GROUND_TRUTH
abcbd7ba-fc78-5b34-bef8-ebb274ff42d2,aec01216-dc25-557c-bc6b-a51e806d31c5,W-002,BB:00:00:00:00:02,2026-01-07,15,Z02,2026-01-07T19:58:00.000+00:00,EXIT,IDEAL_GROUND_TRUTH
abcbd7ba-fc78-5b34-bef8-ebb274ff42d2,3f420432-1cf5-5947-9ab6-3d78680c9a87,W-002,BB:00:00:00:00:02,2026-01-07,16,Z01,2026-01-07T19:58:00.000+00:00,ENTER,IDEAL_GROUND_TRUTH
abcbd7ba-fc78-5b34-bef8-ebb274ff42d2,8a1c87df-d1ab-539c-95bb-cab4f8bed042,W-002,BB:00:00:00:00:02,2026-01-07,16,Z01,2026-01-07T20:01:00.000+00:00,EXIT,IDEAL_GROUND_TRUTH
abcbd7ba-fc78-5b34-bef8-ebb274ff42d2,452abaae-be7c-51b8-9b2e-721638697c07,W-003,BB:00:00:00:00:03,2026-01-07,1,Z01,2026-01-07T10:56:00.000+00:00,ENTER,IDEAL_GROUND_TRUTH
abcbd7ba-fc78-5b34-bef8-ebb274ff42d2,b47a14cc-92a9-5fff-946c-d27cf2d5a668,W-003,BB:00:00:00:00:03,2026-01-07,1,Z01,2026-01-07T10:59:00.000+00:00,EXIT,IDEAL_GROUND_TRUTH
abcbd7ba-fc78-5b34-bef8-ebb274ff42d2,e658e697-dfa1-5691-b4d0-3e56d62e821e,W-003,BB:00:00:00:00:03,2026-01-07,2,Z00,2026-01-07T10:59:00.000+00:00,ENTER,IDEAL_GROUND_TRUTH
abcbd7ba-fc78-5b34-bef8-ebb274ff42d2,5fc41d2d-2385-596b-aa64-470bd8be9e53,W-003,BB:00:00:00:00:03,2026-01-07,2,Z00,2026-01-07T11:02:00.000+00:00,EXIT,IDEAL_GROUND_TRUTH
abcbd7ba-fc78-5b34-bef8-ebb274ff42d2,ffee7dee-591c-5b4c-af49-8c3e554049d3,W-003,BB:00:00:00:00:03,2026-01-07,3,Z02,2026-01-07T11:02:00.000+00:00,ENTER,IDEAL_GROUND_TRUTH
abcbd7ba-fc78-5b34-bef8-ebb274ff42d2,6d0a947f-e5b6-5e3a-9a1f-50af0b22baeb,W-003,BB:00:00:00:00:03,2026-01-07,3,Z02,2026-01-07T11:15:00.000+00:00,EXIT,IDEAL_GROUND_TRUTH
abcbd7ba-fc78-5b34-bef8-ebb274ff42d2,6fdb8e67-e069-5b84-969e-59bd577721f5,W-003,BB:00:00:00:00:03,2026-01-07,4,Z00,2026-01-07T11:15:00.000+00:00,ENTER,IDEAL_GROUND_TRUTH
abcbd7ba-fc78-5b34-bef8-ebb274ff42d2,b847b58b-3d1f-51d4-b439-0b56a918c4ce,W-003,BB:00:00:00:00:03,2026-01-07,4,Z00,2026-01-07T11:16:00.000+00:00,EXIT,IDEAL_GROUND_TRUTH
abcbd7ba-fc78-5b34-bef8-ebb274ff42d2,f4bf6d98-57a0-512f-8972-9d61dcfc9e77,W-003,BB:00:00:00:00:03,2026-01-07,5,Z03,2026-01-07T11:16:00.000+00:00,ENTER,IDEAL_GROUND_TRUTH
abcbd7ba-fc78-5b34-bef8-ebb274ff42d2,66ac2082-ad19-5db9-978d-fb92b1c7a61d,W-003,BB:00:00:00:00:03,2026-01-07,5,Z03,2026-01-07T11:28:00.000+00:00,EXIT,IDEAL_GROUND_TRUTH
abcbd7ba-fc78-5b34-bef8-ebb274ff42d2,2ff8c072-1345-54e5-8061-da43cac90929,W-003,BB:00:00:00:00:03,2026-01-07,6,Z00,2026-01-07T11:28:00.000+00:00,ENTER,IDEAL_GROUND_TRUTH
abcbd7ba-fc78-5b34-bef8-ebb274ff42d2,a859c60f-3743-5179-a085-11eeb0a3dd19,W-003,BB:00:00:00:00:03,2026-01-07,6,Z00,2026-01-07T11:31:00.000+00:00,EXIT,IDEAL_GROUND_TRUTH
abcbd7ba-fc78-5b34-bef8-ebb274ff42d2,52f5b2a4-9a73-5b07-8615-d07122c7ed89,W-003,BB:00:00:00:00:03,2026-01-07,7,Z04,2026-01-07T11:31:00.000+00:00,ENTER,IDEAL_GROUND_TRUTH
abcbd7ba-fc78-5b34-bef8-ebb274ff42d2,b58d8b31-9c35-534c-8367-63c467ac4f0c,W-003,BB:00:00:00:00:03,2026-01-07,7,Z04,2026-01-07T11:40:00.000+00:00,EXIT,IDEAL_GROUND_TRUTH
abcbd7ba-fc78-5b34-bef8-ebb274ff42d2,ff5290d5-9985-5f71-943c-ea5a1c2aa30a,W-003,BB:00:00:00:00:03,2026-01-07,8,Z00,2026-01-07T11:40:00.000+00:00,ENTER,IDEAL_GROUND_TRUTH
abcbd7ba-fc78-5b34-bef8-ebb274ff42d2,138ec62f-3242-533d-b63c-7f6203765bc9,W-003,BB:00:00:00:00:03,2026-01-07,8,Z00,2026-01-07T11:42:00.000+00:00,EXIT,IDEAL_GROUND_TRUTH
abcbd7ba-fc78-5b34-bef8-ebb274ff42d2,950a1a27-a69d-591a-bd40-2ca95c4c6f17,W-003,BB:00:00:00:00:03,2026-01-07,9,Z05-A,2026-01-07T11:42:00.000+00:00,ENTER,IDEAL_GROUND_TRUTH
abcbd7ba-fc78-5b34-bef8-ebb274ff42d2,e6af9c3b-0a44-50f6-b640-f99c773ba3a0,W-003,BB:00:00:00:00:03,2026-01-07,9,Z05-A,2026-01-07T14:48:00.000+00:00,EXIT,IDEAL_GROUND_TRUTH
abcbd7ba-fc78-5b34-bef8-ebb274ff42d2,d0136a4c-a2e9-59d1-bc84-106130576835,W-003,BB:00:00:00:00:03,2026-01-07,10,Z06,2026-01-07T14:48:00.000+00:00,ENTER,IDEAL_GROUND_TRUTH
abcbd7ba-fc78-5b34-bef8-ebb274ff42d2,7d4bf86e-e094-5275-a4fd-1ffeaa2ee388,W-003,BB:00:00:00:00:03,2026-01-07,10,Z06,2026-01-07T15:24:00.000+00:00,EXIT,IDEAL_GROUND_TRUTH
abcbd7ba-fc78-5b34-bef8-ebb274ff42d2,347a515a-9ba1-5872-adb7-0188b58a0be0,W-003,BB:00:00:00:00:03,2026-01-07,11,Z00,2026-01-07T15:24:00.000+00:00,ENTER,IDEAL_GROUND_TRUTH
abcbd7ba-fc78-5b34-bef8-ebb274ff42d2,e74f3bcb-699e-5881-b98b-e44fea32a9fd,W-003,BB:00:00:00:00:03,2026-01-07,11,Z00,2026-01-07T15:26:00.000+00:00,EXIT,IDEAL_GROUND_TRUTH
abcbd7ba-fc78-5b34-bef8-ebb274ff42d2,e9d54615-48a4-5d45-aa16-22be9857ba80,W-003,BB:00:00:00:00:03,2026-01-07,12,Z05-B,2026-01-07T15:26:00.000+00:00,ENTER,IDEAL_GROUND_TRUTH
abcbd7ba-fc78-5b34-bef8-ebb274ff42d2,6ccc0d6a-0027-5983-a566-1f2628bee863,W-003,BB:00:00:00:00:03,2026-01-07,12,Z05-B,2026-01-07T19:38:00.000+00:00,EXIT,IDEAL_GROUND_TRUTH
abcbd7ba-fc78-5b34-bef8-ebb274ff42d2,24114135-c0d7-5688-925d-e84c7848beda,W-003,BB:00:00:00:00:03,2026-01-07,13,Z00,2026-01-07T19:38:00.000+00:00,ENTER,IDEAL_GROUND_TRUTH
abcbd7ba-fc78-5b34-bef8-ebb274ff42d2,ac451d4b-7705-597f-84fd-eaa4d993127a,W-003,BB:00:00:00:00:03,2026-01-07,13,Z00,2026-01-07T19:39:00.000+00:00,EXIT,IDEAL_GROUND_TRUTH
abcbd7ba-fc78-5b34-bef8-ebb274ff42d2,38fba9f6-32f6-52d8-a74d-98055c5f7a0a,W-003,BB:00:00:00:00:03,2026-01-07,14,Z04,2026-01-07T19:39:00.000+00:00,ENTER,IDEAL_GROUND_TRUTH
abcbd7ba-fc78-5b34-bef8-ebb274ff42d2,7c9cc5c3-075b-5c5c-92fc-f70356b58dff,W-003,BB:00:00:00:00:03,2026-01-07,14,Z04,2026-01-07T19:44:00.000+00:00,EXIT,IDEAL_GROUND_TRUTH
abcbd7ba-fc78-5b34-bef8-ebb274ff42d2,c00d2029-2f56-5f07-a6b2-1ada2972eab3,W-003,BB:00:00:00:00:03,2026-01-07,15,Z00,2026-01-07T19:44:00.000+00:00,ENTER,IDEAL_GROUND_TRUTH
abcbd7ba-fc78-5b34-bef8-ebb274ff42d2,d0abd368-f6b3-5728-aad8-03d3cfe41e48,W-003,BB:00:00:00:00:03,2026-01-07,15,Z00,2026-01-07T19:45:00.000+00:00,EXIT,IDEAL_GROUND_TRUTH
abcbd7ba-fc78-5b34-bef8-ebb274ff42d2,f8ccd17e-d010-5af4-b6db-6ed62bea9475,W-003,BB:00:00:00:00:03,2026-01-07,16,Z02,2026-01-07T19:45:00.000+00:00,ENTER,IDEAL_GROUND_TRUTH
abcbd7ba-fc78-5b34-bef8-ebb274ff42d2,78011660-9333-5894-adc0-7dfddddad7a0,W-003,BB:00:00:00:00:03,2026-01-07,16,Z02,2026-01-07T19:53:00.000+00:00,EXIT,IDEAL_GROUND_TRUTH
abcbd7ba-fc78-5b34-bef8-ebb274ff42d2,3952e94d-6b79-5af4-a590-418c36143c00,W-003,BB:00:00:00:00:03,2026-01-07,17,Z01,2026-01-07T19:53:00.000+00:00,ENTER,IDEAL_GROUND_TRUTH
abcbd7ba-fc78-5b34-bef8-ebb274ff42d2,67d00c4f-dd6c-59d4-b235-24a8cb6e62f5,W-003,BB:00:00:00:00:03,2026-01-07,17,Z01,2026-01-07T19:56:00.000+00:00,EXIT,IDEAL_GROUND_TRUTH
abcbd7ba-fc78-5b34-bef8-ebb274ff42d2,48499764-8ed3-5b93-a758-08066bd6e99f,W-001,BB:00:00:00:00:01,2026-01-08,1,Z01,2026-01-08T10:56:00.000+00:00,ENTER,IDEAL_GROUND_TRUTH
abcbd7ba-fc78-5b34-bef8-ebb274ff42d2,1e0f2141-b972-547f-b569-d9747b9a5d93,W-001,BB:00:00:00:00:01,2026-01-08,1,Z01,2026-01-08T10:59:00.000+00:00,EXIT,IDEAL_GROUND_TRUTH
abcbd7ba-fc78-5b34-bef8-ebb274ff42d2,8e24e3c3-d07c-5bbe-900b-24931d1cfca1,W-001,BB:00:00:00:00:01,2026-01-08,2,Z00,2026-01-08T10:59:00.000+00:00,ENTER,IDEAL_GROUND_TRUTH
abcbd7ba-fc78-5b34-bef8-ebb274ff42d2,3f9a4609-f859-5b5c-acfd-8df9a2ec1bf3,W-001,BB:00:00:00:00:01,2026-01-08,2,Z00,2026-01-08T11:01:00.000+00:00,EXIT,IDEAL_GROUND_TRUTH
abcbd7ba-fc78-5b34-bef8-ebb274ff42d2,655a95ad-2d1d-5876-bda8-a7832812b78e,W-001,BB:00:00:00:00:01,2026-01-08,3,Z02,2026-01-08T11:01:00.000+00:00,ENTER,IDEAL_GROUND_TRUTH
abcbd7ba-fc78-5b34-bef8-ebb274ff42d2,4f069bc7-5aaa-5680-84c1-051334812043,W-001,BB:00:00:00:00:01,2026-01-08,3,Z02,2026-01-08T11:11:00.000+00:00,EXIT,IDEAL_GROUND_TRUTH
abcbd7ba-fc78-5b34-bef8-ebb274ff42d2,0c8521b5-a545-5592-92ac-d4fc72480049,W-001,BB:00:00:00:00:01,2026-01-08,4,Z00,2026-01-08T11:11:00.000+00:00,ENTER,IDEAL_GROUND_TRUTH
abcbd7ba-fc78-5b34-bef8-ebb274ff42d2,c3549c58-b5e0-57ca-a54e-62e362b5476d,W-001,BB:00:00:00:00:01,2026-01-08,4,Z00,2026-01-08T11:14:00.000+00:00,EXIT,IDEAL_GROUND_TRUTH
abcbd7ba-fc78-5b34-bef8-ebb274ff42d2,124b5dbe-252d-5ffb-b6d1-3c00672e5a08,W-001,BB:00:00:00:00:01,2026-01-08,5,Z03,2026-01-08T11:14:00.000+00:00,ENTER,IDEAL_GROUND_TRUTH
abcbd7ba-fc78-5b34-bef8-ebb274ff42d2,63c52f34-2ee8-5fd6-81c7-440cef4ffd22,W-001,BB:00:00:00:00:01,2026-01-08,5,Z03,2026-01-08T11:26:00.000+00:00,EXIT,IDEAL_GROUND_TRUTH
abcbd7ba-fc78-5b34-bef8-ebb274ff42d2,32c5d76c-4c1c-571b-a380-d3d4c9f0d305,W-001,BB:00:00:00:00:01,2026-01-08,6,Z00,2026-01-08T11:26:00.000+00:00,ENTER,IDEAL_GROUND_TRUTH
abcbd7ba-fc78-5b34-bef8-ebb274ff42d2,b6a84668-bdca-5e8e-8921-99215c44b7e4,W-001,BB:00:00:00:00:01,2026-01-08,6,Z00,2026-01-08T11:27:00.000+00:00,EXIT,IDEAL_GROUND_TRUTH
abcbd7ba-fc78-5b34-bef8-ebb274ff42d2,aefc5e3c-be36-53c1-a039-8ebf81656cae,W-001,BB:00:00:00:00:01,2026-01-08,7,Z04,2026-01-08T11:27:00.000+00:00,ENTER,IDEAL_GROUND_TRUTH
abcbd7ba-fc78-5b34-bef8-ebb274ff42d2,8db11910-0364-5422-be3e-1ff4d98f5f9f,W-001,BB:00:00:00:00:01,2026-01-08,7,Z04,2026-01-08T11:37:00.000+00:00,EXIT,IDEAL_GROUND_TRUTH
abcbd7ba-fc78-5b34-bef8-ebb274ff42d2,8a24918a-e8c1-531a-8c47-9346c45c471f,W-001,BB:00:00:00:00:01,2026-01-08,8,Z00,2026-01-08T11:37:00.000+00:00,ENTER,IDEAL_GROUND_TRUTH
abcbd7ba-fc78-5b34-bef8-ebb274ff42d2,8665fd74-58ec-5183-b74a-dab9fe7f547b,W-001,BB:00:00:00:00:01,2026-01-08,8,Z00,2026-01-08T11:39:00.000+00:00,EXIT,IDEAL_GROUND_TRUTH
abcbd7ba-fc78-5b34-bef8-ebb274ff42d2,6e1be7dc-724e-5561-9421-ba9a4ac85ee2,W-001,BB:00:00:00:00:01,2026-01-08,9,Z05-C,2026-01-08T11:39:00.000+00:00,ENTER,IDEAL_GROUND_TRUTH
abcbd7ba-fc78-5b34-bef8-ebb274ff42d2,e3949f97-d412-598b-98b7-ee141dd0c3e7,W-001,BB:00:00:00:00:01,2026-01-08,9,Z05-C,2026-01-08T14:58:00.000+00:00,EXIT,IDEAL_GROUND_TRUTH
abcbd7ba-fc78-5b34-bef8-ebb274ff42d2,d1b1f0a2-ce04-5c5a-918d-16e9462095d3,W-001,BB:00:00:00:00:01,2026-01-08,10,Z06,2026-01-08T14:58:00.000+00:00,ENTER,IDEAL_GROUND_TRUTH
abcbd7ba-fc78-5b34-bef8-ebb274ff42d2,dbb8450a-b35f-57db-8f2c-70d59e506a85,W-001,BB:00:00:00:00:01,2026-01-08,10,Z06,2026-01-08T15:34:00.000+00:00,EXIT,IDEAL_GROUND_TRUTH
abcbd7ba-fc78-5b34-bef8-ebb274ff42d2,4de20e09-a703-5c22-ae28-a7659a3afef5,W-001,BB:00:00:00:00:01,2026-01-08,11,Z00,2026-01-08T15:34:00.000+00:00,ENTER,IDEAL_GROUND_TRUTH
abcbd7ba-fc78-5b34-bef8-ebb274ff42d2,4d9ab00d-0891-5786-8cc7-b6ef7d51cd3a,W-001,BB:00:00:00:00:01,2026-01-08,11,Z00,2026-01-08T15:37:00.000+00:00,EXIT,IDEAL_GROUND_TRUTH
abcbd7ba-fc78-5b34-bef8-ebb274ff42d2,75a1e5f1-2370-5f99-a58e-ed4fbd5a3430,W-001,BB:00:00:00:00:01,2026-01-08,12,Z05-B,2026-01-08T15:37:00.000+00:00,ENTER,IDEAL_GROUND_TRUTH
abcbd7ba-fc78-5b34-bef8-ebb274ff42d2,65445271-3e36-5a11-b56b-da71db9bd693,W-001,BB:00:00:00:00:01,2026-01-08,12,Z05-B,2026-01-08T19:32:00.000+00:00,EXIT,IDEAL_GROUND_TRUTH
abcbd7ba-fc78-5b34-bef8-ebb274ff42d2,2771d6bb-0fba-531c-9d75-e6caecfd6b50,W-001,BB:00:00:00:00:01,2026-01-08,13,Z00,2026-01-08T19:32:00.000+00:00,ENTER,IDEAL_GROUND_TRUTH
abcbd7ba-fc78-5b34-bef8-ebb274ff42d2,9ea8ec6f-9d16-5973-9f5e-6e5d152b64b7,W-001,BB:00:00:00:00:01,2026-01-08,13,Z00,2026-01-08T19:35:00.000+00:00,EXIT,IDEAL_GROUND_TRUTH
abcbd7ba-fc78-5b34-bef8-ebb274ff42d2,ca44fad1-f05a-5ee4-8730-661637a3c1cf,W-001,BB:00:00:00:00:01,2026-01-08,14,Z04,2026-01-08T19:35:00.000+00:00,ENTER,IDEAL_GROUND_TRUTH
abcbd7ba-fc78-5b34-bef8-ebb274ff42d2,8fd5ffb5-3883-5125-889a-1fb5866d2e10,W-001,BB:00:00:00:00:01,2026-01-08,14,Z04,2026-01-08T19:39:00.000+00:00,EXIT,IDEAL_GROUND_TRUTH
abcbd7ba-fc78-5b34-bef8-ebb274ff42d2,a06bf39d-1c66-5332-8c82-1c7b4c03e5ff,W-001,BB:00:00:00:00:01,2026-01-08,15,Z00,2026-01-08T19:39:00.000+00:00,ENTER,IDEAL_GROUND_TRUTH
abcbd7ba-fc78-5b34-bef8-ebb274ff42d2,bf56170f-00da-5340-9f8b-0ef3e5213047,W-001,BB:00:00:00:00:01,2026-01-08,15,Z00,2026-01-08T19:41:00.000+00:00,EXIT,IDEAL_GROUND_TRUTH
abcbd7ba-fc78-5b34-bef8-ebb274ff42d2,d7392fe5-bf63-5565-8a7b-4dd39f8171ac,W-001,BB:00:00:00:00:01,2026-01-08,16,Z02,2026-01-08T19:41:00.000+00:00,ENTER,IDEAL_GROUND_TRUTH
abcbd7ba-fc78-5b34-bef8-ebb274ff42d2,87b5bb9d-5785-57cd-b426-9d6dd91b7239,W-001,BB:00:00:00:00:01,2026-01-08,16,Z02,2026-01-08T19:51:00.000+00:00,EXIT,IDEAL_GROUND_TRUTH
abcbd7ba-fc78-5b34-bef8-ebb274ff42d2,0b389b2e-88da-5aa4-af08-8028f0aaa298,W-001,BB:00:00:00:00:01,2026-01-08,17,Z01,2026-01-08T19:51:00.000+00:00,ENTER,IDEAL_GROUND_TRUTH
abcbd7ba-fc78-5b34-bef8-ebb274ff42d2,4cb107ef-1379-5f20-86ab-2662b9c9ebac,W-001,BB:00:00:00:00:01,2026-01-08,17,Z01,2026-01-08T19:56:00.000+00:00,EXIT,IDEAL_GROUND_TRUTH
abcbd7ba-fc78-5b34-bef8-ebb274ff42d2,c78137c2-d312-575f-bf95-7e2eb5c7b7c7,W-002,BB:00:00:00:00:02,2026-01-08,1,Z01,2026-01-08T10:57:00.000+00:00,ENTER,IDEAL_GROUND_TRUTH
abcbd7ba-fc78-5b34-bef8-ebb274ff42d2,59f19aaf-545e-52f0-879a-942076b5de33,W-002,BB:00:00:00:00:02,2026-01-08,1,Z01,2026-01-08T11:02:00.000+00:00,EXIT,IDEAL_GROUND_TRUTH
abcbd7ba-fc78-5b34-bef8-ebb274ff42d2,187e9cd3-ec51-521c-bc3d-ee34867112c3,W-002,BB:00:00:00:00:02,2026-01-08,2,Z00,2026-01-08T11:02:00.000+00:00,ENTER,IDEAL_GROUND_TRUTH
abcbd7ba-fc78-5b34-bef8-ebb274ff42d2,1f5106eb-7d94-5a6c-8bab-e8f02e7606d9,W-002,BB:00:00:00:00:02,2026-01-08,2,Z00,2026-01-08T11:03:00.000+00:00,EXIT,IDEAL_GROUND_TRUTH
abcbd7ba-fc78-5b34-bef8-ebb274ff42d2,10822b81-64d7-5573-93ca-e7ede7815c06,W-002,BB:00:00:00:00:02,2026-01-08,3,Z02,2026-01-08T11:03:00.000+00:00,ENTER,IDEAL_GROUND_TRUTH
abcbd7ba-fc78-5b34-bef8-ebb274ff42d2,1536880d-5c83-5cf6-b91c-7cffdfbfba63,W-002,BB:00:00:00:00:02,2026-01-08,3,Z02,2026-01-08T11:18:00.000+00:00,EXIT,IDEAL_GROUND_TRUTH
abcbd7ba-fc78-5b34-bef8-ebb274ff42d2,46752cf2-2fd5-525b-b066-8e875eb3a192,W-002,BB:00:00:00:00:02,2026-01-08,4,Z00,2026-01-08T11:18:00.000+00:00,ENTER,IDEAL_GROUND_TRUTH
abcbd7ba-fc78-5b34-bef8-ebb274ff42d2,0470b24a-4728-5783-b052-5ecd6ce57ace,W-002,BB:00:00:00:00:02,2026-01-08,4,Z00,2026-01-08T11:19:00.000+00:00,EXIT,IDEAL_GROUND_TRUTH
abcbd7ba-fc78-5b34-bef8-ebb274ff42d2,9a967c89-eff1-5e50-b227-9a623aac5047,W-002,BB:00:00:00:00:02,2026-01-08,5,Z03,2026-01-08T11:19:00.000+00:00,ENTER,IDEAL_GROUND_TRUTH
abcbd7ba-fc78-5b34-bef8-ebb274ff42d2,e3f0792a-2287-566a-a5a2-c2adfd074a4a,W-002,BB:00:00:00:00:02,2026-01-08,5,Z03,2026-01-08T11:30:00.000+00:00,EXIT,IDEAL_GROUND_TRUTH
abcbd7ba-fc78-5b34-bef8-ebb274ff42d2,f682d681-beda-5c73-a3f7-1bd245e7e626,W-002,BB:00:00:00:00:02,2026-01-08,6,Z00,2026-01-08T11:30:00.000+00:00,ENTER,IDEAL_GROUND_TRUTH
abcbd7ba-fc78-5b34-bef8-ebb274ff42d2,361a87d5-3901-5d7f-af89-b76e24656fed,W-002,BB:00:00:00:00:02,2026-01-08,6,Z00,2026-01-08T11:32:00.000+00:00,EXIT,IDEAL_GROUND_TRUTH
abcbd7ba-fc78-5b34-bef8-ebb274ff42d2,c7741a37-125a-5b56-a91e-dc27a881c90d,W-002,BB:00:00:00:00:02,2026-01-08,7,Z04,2026-01-08T11:32:00.000+00:00,ENTER,IDEAL_GROUND_TRUTH
abcbd7ba-fc78-5b34-bef8-ebb274ff42d2,3e575ac0-894f-50f5-9d01-898977fd1456,W-002,BB:00:00:00:00:02,2026-01-08,7,Z04,2026-01-08T11:38:00.000+00:00,EXIT,IDEAL_GROUND_TRUTH
abcbd7ba-fc78-5b34-bef8-ebb274ff42d2,1c0b9e05-8f5b-547d-8f4c-bffa47f88d65,W-002,BB:00:00:00:00:02,2026-01-08,8,Z00,2026-01-08T11:38:00.000+00:00,ENTER,IDEAL_GROUND_TRUTH
abcbd7ba-fc78-5b34-bef8-ebb274ff42d2,d5abc85a-6b39-5c43-80b6-a52abac663e2,W-002,BB:00:00:00:00:02,2026-01-08,8,Z00,2026-01-08T11:39:00.000+00:00,EXIT,IDEAL_GROUND_TRUTH
abcbd7ba-fc78-5b34-bef8-ebb274ff42d2,804a98bb-9194-5eb4-a749-9e4bf48adf7e,W-002,BB:00:00:00:00:02,2026-01-08,9,Z05-A,2026-01-08T11:39:00.000+00:00,ENTER,IDEAL_GROUND_TRUTH
abcbd7ba-fc78-5b34-bef8-ebb274ff42d2,ef6490a8-8ac2-5a98-9765-acb7b1e7f393,W-002,BB:00:00:00:00:02,2026-01-08,9,Z05-A,2026-01-08T14:48:00.000+00:00,EXIT,IDEAL_GROUND_TRUTH
abcbd7ba-fc78-5b34-bef8-ebb274ff42d2,fdc69d28-0aa0-5d9a-99db-6c057c4167cf,W-002,BB:00:00:00:00:02,2026-01-08,10,Z06,2026-01-08T14:48:00.000+00:00,ENTER,IDEAL_GROUND_TRUTH
abcbd7ba-fc78-5b34-bef8-ebb274ff42d2,9c209e42-d47d-5d2c-a06e-50278a01769b,W-002,BB:00:00:00:00:02,2026-01-08,10,Z06,2026-01-08T15:24:00.000+00:00,EXIT,IDEAL_GROUND_TRUTH
abcbd7ba-fc78-5b34-bef8-ebb274ff42d2,fc1fe2ae-b195-5350-aecb-b32ee484f4b2,W-002,BB:00:00:00:00:02,2026-01-08,11,Z05-A,2026-01-08T15:24:00.000+00:00,ENTER,IDEAL_GROUND_TRUTH
abcbd7ba-fc78-5b34-bef8-ebb274ff42d2,e76a3167-3aff-5f1f-bec5-1873d09a8245,W-002,BB:00:00:00:00:02,2026-01-08,11,Z05-A,2026-01-08T19:36:00.000+00:00,EXIT,IDEAL_GROUND_TRUTH
abcbd7ba-fc78-5b34-bef8-ebb274ff42d2,5d90ad29-7c25-558a-850e-386283b0c6ee,W-002,BB:00:00:00:00:02,2026-01-08,12,Z00,2026-01-08T19:36:00.000+00:00,ENTER,IDEAL_GROUND_TRUTH
abcbd7ba-fc78-5b34-bef8-ebb274ff42d2,80ba9c02-52e6-5339-a11c-66c6d497160b,W-002,BB:00:00:00:00:02,2026-01-08,12,Z00,2026-01-08T19:39:00.000+00:00,EXIT,IDEAL_GROUND_TRUTH
abcbd7ba-fc78-5b34-bef8-ebb274ff42d2,907bdc93-081d-5be0-ae6a-ab4cb3b8f831,W-002,BB:00:00:00:00:02,2026-01-08,13,Z04,2026-01-08T19:39:00.000+00:00,ENTER,IDEAL_GROUND_TRUTH
abcbd7ba-fc78-5b34-bef8-ebb274ff42d2,0093ec15-148c-535a-a19d-cdd430b3b938,W-002,BB:00:00:00:00:02,2026-01-08,13,Z04,2026-01-08T19:46:00.000+00:00,EXIT,IDEAL_GROUND_TRUTH
abcbd7ba-fc78-5b34-bef8-ebb274ff42d2,3135f40c-6a52-55be-859e-04f29ff0101f,W-002,BB:00:00:00:00:02,2026-01-08,14,Z00,2026-01-08T19:46:00.000+00:00,ENTER,IDEAL_GROUND_TRUTH
abcbd7ba-fc78-5b34-bef8-ebb274ff42d2,0f720127-2314-57f3-89ef-1f3e02978628,W-002,BB:00:00:00:00:02,2026-01-08,14,Z00,2026-01-08T19:47:00.000+00:00,EXIT,IDEAL_GROUND_TRUTH
abcbd7ba-fc78-5b34-bef8-ebb274ff42d2,f3875a3a-9e50-53b1-a88d-2a12f4401325,W-002,BB:00:00:00:00:02,2026-01-08,15,Z02,2026-01-08T19:47:00.000+00:00,ENTER,IDEAL_GROUND_TRUTH
abcbd7ba-fc78-5b34-bef8-ebb274ff42d2,c4b15b9f-9b17-5675-9c5d-4762ccfd5e7c,W-002,BB:00:00:00:00:02,2026-01-08,15,Z02,2026-01-08T19:54:00.000+00:00,EXIT,IDEAL_GROUND_TRUTH
abcbd7ba-fc78-5b34-bef8-ebb274ff42d2,82c73688-7267-55f7-99ac-74fdddcdef57,W-002,BB:00:00:00:00:02,2026-01-08,16,Z01,2026-01-08T19:54:00.000+00:00,ENTER,IDEAL_GROUND_TRUTH
abcbd7ba-fc78-5b34-bef8-ebb274ff42d2,133aec27-3c58-5c35-a8f8-e3de3cb538b4,W-002,BB:00:00:00:00:02,2026-01-08,16,Z01,2026-01-08T19:57:00.000+00:00,EXIT,IDEAL_GROUND_TRUTH
abcbd7ba-fc78-5b34-bef8-ebb274ff42d2,06682282-a2af-5f2d-bd33-ebb714bd0ea3,W-003,BB:00:00:00:00:03,2026-01-08,1,Z01,2026-01-08T10:57:00.000+00:00,ENTER,IDEAL_GROUND_TRUTH
abcbd7ba-fc78-5b34-bef8-ebb274ff42d2,8e5c1675-e51f-5985-91b8-08e6f44fe642,W-003,BB:00:00:00:00:03,2026-01-08,1,Z01,2026-01-08T11:00:00.000+00:00,EXIT,IDEAL_GROUND_TRUTH
abcbd7ba-fc78-5b34-bef8-ebb274ff42d2,2ae38f5a-f0f9-573b-8f8d-5b38c9891192,W-003,BB:00:00:00:00:03,2026-01-08,2,Z00,2026-01-08T11:00:00.000+00:00,ENTER,IDEAL_GROUND_TRUTH
abcbd7ba-fc78-5b34-bef8-ebb274ff42d2,d7931801-56e2-5b42-afae-c943d7d81095,W-003,BB:00:00:00:00:03,2026-01-08,2,Z00,2026-01-08T11:01:00.000+00:00,EXIT,IDEAL_GROUND_TRUTH
abcbd7ba-fc78-5b34-bef8-ebb274ff42d2,57cc79c2-2766-553f-b692-82b4baabe0ce,W-003,BB:00:00:00:00:03,2026-01-08,3,Z02,2026-01-08T11:01:00.000+00:00,ENTER,IDEAL_GROUND_TRUTH
abcbd7ba-fc78-5b34-bef8-ebb274ff42d2,14add7f4-f388-5d1c-828e-48026148fbd0,W-003,BB:00:00:00:00:03,2026-01-08,3,Z02,2026-01-08T11:14:00.000+00:00,EXIT,IDEAL_GROUND_TRUTH
abcbd7ba-fc78-5b34-bef8-ebb274ff42d2,c69d2b48-573f-526e-99c7-4cbec894603e,W-003,BB:00:00:00:00:03,2026-01-08,4,Z00,2026-01-08T11:14:00.000+00:00,ENTER,IDEAL_GROUND_TRUTH
abcbd7ba-fc78-5b34-bef8-ebb274ff42d2,e621106d-8fae-52b0-8ada-4b6227190729,W-003,BB:00:00:00:00:03,2026-01-08,4,Z00,2026-01-08T11:16:00.000+00:00,EXIT,IDEAL_GROUND_TRUTH
abcbd7ba-fc78-5b34-bef8-ebb274ff42d2,6aca76ac-cc0e-5410-8fe4-8102e41247e4,W-003,BB:00:00:00:00:03,2026-01-08,5,Z03,2026-01-08T11:16:00.000+00:00,ENTER,IDEAL_GROUND_TRUTH
abcbd7ba-fc78-5b34-bef8-ebb274ff42d2,b8188206-2a14-5e09-be01-733db96083f9,W-003,BB:00:00:00:00:03,2026-01-08,5,Z03,2026-01-08T11:27:00.000+00:00,EXIT,IDEAL_GROUND_TRUTH
abcbd7ba-fc78-5b34-bef8-ebb274ff42d2,ef29e739-ed04-55bc-a250-b13d27f06620,W-003,BB:00:00:00:00:03,2026-01-08,6,Z00,2026-01-08T11:27:00.000+00:00,ENTER,IDEAL_GROUND_TRUTH
abcbd7ba-fc78-5b34-bef8-ebb274ff42d2,ffb1e448-11ea-55d9-a810-ac868d236ff6,W-003,BB:00:00:00:00:03,2026-01-08,6,Z00,2026-01-08T11:30:00.000+00:00,EXIT,IDEAL_GROUND_TRUTH
abcbd7ba-fc78-5b34-bef8-ebb274ff42d2,0af6c704-5f52-5c11-9432-236e0c4545d9,W-003,BB:00:00:00:00:03,2026-01-08,7,Z04,2026-01-08T11:30:00.000+00:00,ENTER,IDEAL_GROUND_TRUTH
abcbd7ba-fc78-5b34-bef8-ebb274ff42d2,1f07e7a7-af85-5583-abfe-4374f315ab79,W-003,BB:00:00:00:00:03,2026-01-08,7,Z04,2026-01-08T11:39:00.000+00:00,EXIT,IDEAL_GROUND_TRUTH
abcbd7ba-fc78-5b34-bef8-ebb274ff42d2,fbbc73c7-f6a5-5ab3-88b7-3dd997e44656,W-003,BB:00:00:00:00:03,2026-01-08,8,Z00,2026-01-08T11:39:00.000+00:00,ENTER,IDEAL_GROUND_TRUTH
abcbd7ba-fc78-5b34-bef8-ebb274ff42d2,2310cc5a-287c-53f3-9e4c-c7a5ecee0611,W-003,BB:00:00:00:00:03,2026-01-08,8,Z00,2026-01-08T11:41:00.000+00:00,EXIT,IDEAL_GROUND_TRUTH
abcbd7ba-fc78-5b34-bef8-ebb274ff42d2,f60bcd95-a2a6-5ccc-b586-d35fb97c9278,W-003,BB:00:00:00:00:03,2026-01-08,9,Z05-A,2026-01-08T11:41:00.000+00:00,ENTER,IDEAL_GROUND_TRUTH
abcbd7ba-fc78-5b34-bef8-ebb274ff42d2,32f3eb48-475e-5194-9b90-844210b95001,W-003,BB:00:00:00:00:03,2026-01-08,9,Z05-A,2026-01-08T15:00:00.000+00:00,EXIT,IDEAL_GROUND_TRUTH
abcbd7ba-fc78-5b34-bef8-ebb274ff42d2,937990f5-d9cb-51c6-a28f-b08bfc68b748,W-003,BB:00:00:00:00:03,2026-01-08,10,Z06,2026-01-08T15:00:00.000+00:00,ENTER,IDEAL_GROUND_TRUTH
abcbd7ba-fc78-5b34-bef8-ebb274ff42d2,97993f69-ad80-5aff-9138-48fe96a192fc,W-003,BB:00:00:00:00:03,2026-01-08,10,Z06,2026-01-08T15:36:00.000+00:00,EXIT,IDEAL_GROUND_TRUTH
abcbd7ba-fc78-5b34-bef8-ebb274ff42d2,4f1feed7-644a-59c4-b3f7-6bc55c5b2f7a,W-003,BB:00:00:00:00:03,2026-01-08,11,Z05-A,2026-01-08T15:36:00.000+00:00,ENTER,IDEAL_GROUND_TRUTH
abcbd7ba-fc78-5b34-bef8-ebb274ff42d2,54748cf1-7bae-5b2d-8d22-2891a5f0a1c7,W-003,BB:00:00:00:00:03,2026-01-08,11,Z05-A,2026-01-08T19:32:00.000+00:00,EXIT,IDEAL_GROUND_TRUTH
abcbd7ba-fc78-5b34-bef8-ebb274ff42d2,384c2709-9d2a-5e72-a286-32896a621506,W-003,BB:00:00:00:00:03,2026-01-08,12,Z00,2026-01-08T19:32:00.000+00:00,ENTER,IDEAL_GROUND_TRUTH
abcbd7ba-fc78-5b34-bef8-ebb274ff42d2,96af6c4d-b11c-58fb-97d6-7593ef5e5932,W-003,BB:00:00:00:00:03,2026-01-08,12,Z00,2026-01-08T19:35:00.000+00:00,EXIT,IDEAL_GROUND_TRUTH
abcbd7ba-fc78-5b34-bef8-ebb274ff42d2,bd5db3a8-c681-5f55-bc80-3d339cefeb5a,W-003,BB:00:00:00:00:03,2026-01-08,13,Z04,2026-01-08T19:35:00.000+00:00,ENTER,IDEAL_GROUND_TRUTH
abcbd7ba-fc78-5b34-bef8-ebb274ff42d2,3065bc61-5680-5531-95e7-675c5cb9c299,W-003,BB:00:00:00:00:03,2026-01-08,13,Z04,2026-01-08T19:42:00.000+00:00,EXIT,IDEAL_GROUND_TRUTH
abcbd7ba-fc78-5b34-bef8-ebb274ff42d2,57aa2032-c539-5e10-b6e3-1a2c017adc52,W-003,BB:00:00:00:00:03,2026-01-08,14,Z00,2026-01-08T19:42:00.000+00:00,ENTER,IDEAL_GROUND_TRUTH
abcbd7ba-fc78-5b34-bef8-ebb274ff42d2,8e0f1ebb-2e05-5819-82af-31f90d16f7b8,W-003,BB:00:00:00:00:03,2026-01-08,14,Z00,2026-01-08T19:43:00.000+00:00,EXIT,IDEAL_GROUND_TRUTH
abcbd7ba-fc78-5b34-bef8-ebb274ff42d2,63e6d65a-f7f1-5aa0-851f-f233eb721c98,W-003,BB:00:00:00:00:03,2026-01-08,15,Z02,2026-01-08T19:43:00.000+00:00,ENTER,IDEAL_GROUND_TRUTH
abcbd7ba-fc78-5b34-bef8-ebb274ff42d2,2db70030-5141-5979-b0d6-f12e0b57ab1a,W-003,BB:00:00:00:00:03,2026-01-08,15,Z02,2026-01-08T19:53:00.000+00:00,EXIT,IDEAL_GROUND_TRUTH
abcbd7ba-fc78-5b34-bef8-ebb274ff42d2,29686b32-d8a1-5c11-9de3-6b8c04da3ad4,W-003,BB:00:00:00:00:03,2026-01-08,16,Z01,2026-01-08T19:53:00.000+00:00,ENTER,IDEAL_GROUND_TRUTH
abcbd7ba-fc78-5b34-bef8-ebb274ff42d2,d937c0ea-f993-5424-8c5a-55d2aebac7fc,W-003,BB:00:00:00:00:03,2026-01-08,16,Z01,2026-01-08T19:57:00.000+00:00,EXIT,IDEAL_GROUND_TRUTH
abcbd7ba-fc78-5b34-bef8-ebb274ff42d2,26ea0772-bc0f-5d52-8f6c-79fdc032228f,W-001,BB:00:00:00:00:01,2026-01-09,1,Z01,2026-01-09T11:03:00.000+00:00,ENTER,IDEAL_GROUND_TRUTH
abcbd7ba-fc78-5b34-bef8-ebb274ff42d2,3b0d5047-1641-5cfe-9cfc-2931ee9f6841,W-001,BB:00:00:00:00:01,2026-01-09,1,Z01,2026-01-09T11:07:00.000+00:00,EXIT,IDEAL_GROUND_TRUTH
abcbd7ba-fc78-5b34-bef8-ebb274ff42d2,e472692c-9e19-55a8-827c-2dc8037edf39,W-001,BB:00:00:00:00:01,2026-01-09,2,Z00,2026-01-09T11:07:00.000+00:00,ENTER,IDEAL_GROUND_TRUTH
abcbd7ba-fc78-5b34-bef8-ebb274ff42d2,87416693-6695-52a1-91b4-ea62ed475300,W-001,BB:00:00:00:00:01,2026-01-09,2,Z00,2026-01-09T11:08:00.000+00:00,EXIT,IDEAL_GROUND_TRUTH
abcbd7ba-fc78-5b34-bef8-ebb274ff42d2,15ddd295-88cd-5c9b-a2d5-cc2210ab26e5,W-001,BB:00:00:00:00:01,2026-01-09,3,Z02,2026-01-09T11:08:00.000+00:00,ENTER,IDEAL_GROUND_TRUTH
abcbd7ba-fc78-5b34-bef8-ebb274ff42d2,5474df70-ab6e-51fa-8bee-d77ad6c8eb5a,W-001,BB:00:00:00:00:01,2026-01-09,3,Z02,2026-01-09T11:22:00.000+00:00,EXIT,IDEAL_GROUND_TRUTH
abcbd7ba-fc78-5b34-bef8-ebb274ff42d2,b1375995-bdbf-5075-be8a-2db9821269f1,W-001,BB:00:00:00:00:01,2026-01-09,4,Z00,2026-01-09T11:22:00.000+00:00,ENTER,IDEAL_GROUND_TRUTH
abcbd7ba-fc78-5b34-bef8-ebb274ff42d2,3825473c-8794-52d1-8c1d-aa151f13901e,W-001,BB:00:00:00:00:01,2026-01-09,4,Z00,2026-01-09T11:25:00.000+00:00,EXIT,IDEAL_GROUND_TRUTH
abcbd7ba-fc78-5b34-bef8-ebb274ff42d2,fe377be4-8705-57d4-835d-894f6d7aeb82,W-001,BB:00:00:00:00:01,2026-01-09,5,Z03,2026-01-09T11:25:00.000+00:00,ENTER,IDEAL_GROUND_TRUTH
abcbd7ba-fc78-5b34-bef8-ebb274ff42d2,9589db03-c7f5-564c-89b5-96cdd00ec381,W-001,BB:00:00:00:00:01,2026-01-09,5,Z03,2026-01-09T11:42:00.000+00:00,EXIT,IDEAL_GROUND_TRUTH
abcbd7ba-fc78-5b34-bef8-ebb274ff42d2,9c30bf54-f1f0-53cb-b31d-ba7410fa44bc,W-001,BB:00:00:00:00:01,2026-01-09,6,Z00,2026-01-09T11:42:00.000+00:00,ENTER,IDEAL_GROUND_TRUTH
abcbd7ba-fc78-5b34-bef8-ebb274ff42d2,dc490ec0-3378-5e92-8816-987649a9dee4,W-001,BB:00:00:00:00:01,2026-01-09,6,Z00,2026-01-09T11:45:00.000+00:00,EXIT,IDEAL_GROUND_TRUTH
abcbd7ba-fc78-5b34-bef8-ebb274ff42d2,fc6dc9fc-577b-5437-a86c-534182ced658,W-001,BB:00:00:00:00:01,2026-01-09,7,Z04,2026-01-09T11:45:00.000+00:00,ENTER,IDEAL_GROUND_TRUTH
abcbd7ba-fc78-5b34-bef8-ebb274ff42d2,9d6d115c-7b01-568d-8325-56115c0ced7c,W-001,BB:00:00:00:00:01,2026-01-09,7,Z04,2026-01-09T11:55:00.000+00:00,EXIT,IDEAL_GROUND_TRUTH
abcbd7ba-fc78-5b34-bef8-ebb274ff42d2,eca6c691-14b9-5f11-b4fc-233af9645544,W-001,BB:00:00:00:00:01,2026-01-09,8,Z00,2026-01-09T11:55:00.000+00:00,ENTER,IDEAL_GROUND_TRUTH
abcbd7ba-fc78-5b34-bef8-ebb274ff42d2,6a3e010c-2aa5-55da-bea7-a549c93aaf43,W-001,BB:00:00:00:00:01,2026-01-09,8,Z00,2026-01-09T11:58:00.000+00:00,EXIT,IDEAL_GROUND_TRUTH
abcbd7ba-fc78-5b34-bef8-ebb274ff42d2,5bb74901-b5e3-5f0e-82e1-096bb342ba03,W-001,BB:00:00:00:00:01,2026-01-09,9,Z05-A,2026-01-09T11:58:00.000+00:00,ENTER,IDEAL_GROUND_TRUTH
abcbd7ba-fc78-5b34-bef8-ebb274ff42d2,9bc7264b-9dda-5a7f-9c65-5662a061e342,W-001,BB:00:00:00:00:01,2026-01-09,9,Z05-A,2026-01-09T14:57:00.000+00:00,EXIT,IDEAL_GROUND_TRUTH
abcbd7ba-fc78-5b34-bef8-ebb274ff42d2,c3d287cf-7f7d-5286-81c5-3977f4217024,W-001,BB:00:00:00:00:01,2026-01-09,10,Z06,2026-01-09T14:57:00.000+00:00,ENTER,IDEAL_GROUND_TRUTH
abcbd7ba-fc78-5b34-bef8-ebb274ff42d2,77b465c0-5d5e-5c4a-86aa-311f9382328f,W-001,BB:00:00:00:00:01,2026-01-09,10,Z06,2026-01-09T15:33:00.000+00:00,EXIT,IDEAL_GROUND_TRUTH
abcbd7ba-fc78-5b34-bef8-ebb274ff42d2,74f121b3-bb95-5241-b6ec-d9b2029d86a6,W-001,BB:00:00:00:00:01,2026-01-09,11,Z00,2026-01-09T15:33:00.000+00:00,ENTER,IDEAL_GROUND_TRUTH
abcbd7ba-fc78-5b34-bef8-ebb274ff42d2,dc75536f-817e-5fb4-a92d-238a5bb899c3,W-001,BB:00:00:00:00:01,2026-01-09,11,Z00,2026-01-09T15:34:00.000+00:00,EXIT,IDEAL_GROUND_TRUTH
abcbd7ba-fc78-5b34-bef8-ebb274ff42d2,33175f49-bf1c-5afe-bf1f-0aae17e56abb,W-001,BB:00:00:00:00:01,2026-01-09,12,Z05-C,2026-01-09T15:34:00.000+00:00,ENTER,IDEAL_GROUND_TRUTH
abcbd7ba-fc78-5b34-bef8-ebb274ff42d2,106bce1d-baed-5cd5-818f-a1a1fdb0b8d1,W-001,BB:00:00:00:00:01,2026-01-09,12,Z05-C,2026-01-09T19:46:00.000+00:00,EXIT,IDEAL_GROUND_TRUTH
abcbd7ba-fc78-5b34-bef8-ebb274ff42d2,29936ef1-83cc-5678-ac11-bd7591927594,W-001,BB:00:00:00:00:01,2026-01-09,13,Z00,2026-01-09T19:46:00.000+00:00,ENTER,IDEAL_GROUND_TRUTH
abcbd7ba-fc78-5b34-bef8-ebb274ff42d2,1620f30f-f14e-571a-ac27-cc8d14af1348,W-001,BB:00:00:00:00:01,2026-01-09,13,Z00,2026-01-09T19:47:00.000+00:00,EXIT,IDEAL_GROUND_TRUTH
abcbd7ba-fc78-5b34-bef8-ebb274ff42d2,7cdbcac2-6f97-5288-ba15-316ac0e77c61,W-001,BB:00:00:00:00:01,2026-01-09,14,Z04,2026-01-09T19:47:00.000+00:00,ENTER,IDEAL_GROUND_TRUTH
abcbd7ba-fc78-5b34-bef8-ebb274ff42d2,6fbd8dde-c42b-5e9f-9e1a-c961fcbd7355,W-001,BB:00:00:00:00:01,2026-01-09,14,Z04,2026-01-09T19:52:00.000+00:00,EXIT,IDEAL_GROUND_TRUTH
abcbd7ba-fc78-5b34-bef8-ebb274ff42d2,76813eb3-9673-57d8-9cd3-7464b5fc05aa,W-001,BB:00:00:00:00:01,2026-01-09,15,Z00,2026-01-09T19:52:00.000+00:00,ENTER,IDEAL_GROUND_TRUTH
abcbd7ba-fc78-5b34-bef8-ebb274ff42d2,27ff772b-312a-5e80-bba8-0f50d5589709,W-001,BB:00:00:00:00:01,2026-01-09,15,Z00,2026-01-09T19:54:00.000+00:00,EXIT,IDEAL_GROUND_TRUTH
abcbd7ba-fc78-5b34-bef8-ebb274ff42d2,9c86a5e8-66a9-5e5a-98c3-8762dff8d89e,W-001,BB:00:00:00:00:01,2026-01-09,16,Z02,2026-01-09T19:54:00.000+00:00,ENTER,IDEAL_GROUND_TRUTH
abcbd7ba-fc78-5b34-bef8-ebb274ff42d2,997c6070-8f08-579a-b8c3-bd87bc2dcfa2,W-001,BB:00:00:00:00:01,2026-01-09,16,Z02,2026-01-09T20:00:00.000+00:00,EXIT,IDEAL_GROUND_TRUTH
abcbd7ba-fc78-5b34-bef8-ebb274ff42d2,a4dcc836-5076-56fc-b298-ed08038f678c,W-001,BB:00:00:00:00:01,2026-01-09,17,Z01,2026-01-09T20:00:00.000+00:00,ENTER,IDEAL_GROUND_TRUTH
abcbd7ba-fc78-5b34-bef8-ebb274ff42d2,396a5e3a-dfed-5048-8be9-9b8a911f704e,W-001,BB:00:00:00:00:01,2026-01-09,17,Z01,2026-01-09T20:03:00.000+00:00,EXIT,IDEAL_GROUND_TRUTH
abcbd7ba-fc78-5b34-bef8-ebb274ff42d2,2d13203c-714e-54cc-86b0-fbc807b5f193,W-002,BB:00:00:00:00:02,2026-01-09,1,Z01,2026-01-09T11:02:00.000+00:00,ENTER,IDEAL_GROUND_TRUTH
abcbd7ba-fc78-5b34-bef8-ebb274ff42d2,a63311d9-a285-5e6b-aaaa-a051f5773832,W-002,BB:00:00:00:00:02,2026-01-09,1,Z01,2026-01-09T11:06:00.000+00:00,EXIT,IDEAL_GROUND_TRUTH
abcbd7ba-fc78-5b34-bef8-ebb274ff42d2,8972bf41-c6b6-58a8-8772-0438dd252f43,W-002,BB:00:00:00:00:02,2026-01-09,2,Z00,2026-01-09T11:06:00.000+00:00,ENTER,IDEAL_GROUND_TRUTH
abcbd7ba-fc78-5b34-bef8-ebb274ff42d2,5815c0cf-a2d6-566a-87bf-8dcf3966943f,W-002,BB:00:00:00:00:02,2026-01-09,2,Z00,2026-01-09T11:08:00.000+00:00,EXIT,IDEAL_GROUND_TRUTH
abcbd7ba-fc78-5b34-bef8-ebb274ff42d2,7337338a-7130-5836-9fa0-48fffc4487f5,W-002,BB:00:00:00:00:02,2026-01-09,3,Z02,2026-01-09T11:08:00.000+00:00,ENTER,IDEAL_GROUND_TRUTH
abcbd7ba-fc78-5b34-bef8-ebb274ff42d2,8c5a2b7a-9203-5687-901d-19911bcef750,W-002,BB:00:00:00:00:02,2026-01-09,3,Z02,2026-01-09T11:23:00.000+00:00,EXIT,IDEAL_GROUND_TRUTH
abcbd7ba-fc78-5b34-bef8-ebb274ff42d2,f3bf6df8-7740-50fd-8ac1-70355ec39352,W-002,BB:00:00:00:00:02,2026-01-09,4,Z00,2026-01-09T11:23:00.000+00:00,ENTER,IDEAL_GROUND_TRUTH
abcbd7ba-fc78-5b34-bef8-ebb274ff42d2,2aaf3191-f5bb-515c-b36a-5165a73d2a18,W-002,BB:00:00:00:00:02,2026-01-09,4,Z00,2026-01-09T11:26:00.000+00:00,EXIT,IDEAL_GROUND_TRUTH
abcbd7ba-fc78-5b34-bef8-ebb274ff42d2,e680f66a-d88f-5843-a798-7c7182e0c067,W-002,BB:00:00:00:00:02,2026-01-09,5,Z03,2026-01-09T11:26:00.000+00:00,ENTER,IDEAL_GROUND_TRUTH
abcbd7ba-fc78-5b34-bef8-ebb274ff42d2,254880e4-600d-505e-b205-03412b0fa9f1,W-002,BB:00:00:00:00:02,2026-01-09,5,Z03,2026-01-09T11:39:00.000+00:00,EXIT,IDEAL_GROUND_TRUTH
abcbd7ba-fc78-5b34-bef8-ebb274ff42d2,eb603289-4095-5db6-8de0-f008badb2717,W-002,BB:00:00:00:00:02,2026-01-09,6,Z00,2026-01-09T11:39:00.000+00:00,ENTER,IDEAL_GROUND_TRUTH
abcbd7ba-fc78-5b34-bef8-ebb274ff42d2,74f025d9-4a64-59d8-9d7b-0d01008200a0,W-002,BB:00:00:00:00:02,2026-01-09,6,Z00,2026-01-09T11:40:00.000+00:00,EXIT,IDEAL_GROUND_TRUTH
abcbd7ba-fc78-5b34-bef8-ebb274ff42d2,4aa48c5c-bc91-50af-9cb0-ce6b7fea4d5e,W-002,BB:00:00:00:00:02,2026-01-09,7,Z04,2026-01-09T11:40:00.000+00:00,ENTER,IDEAL_GROUND_TRUTH
abcbd7ba-fc78-5b34-bef8-ebb274ff42d2,0f158b10-6950-5cd6-9595-717d4f6dcd3c,W-002,BB:00:00:00:00:02,2026-01-09,7,Z04,2026-01-09T11:45:00.000+00:00,EXIT,IDEAL_GROUND_TRUTH
abcbd7ba-fc78-5b34-bef8-ebb274ff42d2,ad6ac944-b0ee-5ed0-9d6c-fe11e466b7c4,W-002,BB:00:00:00:00:02,2026-01-09,8,Z00,2026-01-09T11:45:00.000+00:00,ENTER,IDEAL_GROUND_TRUTH
abcbd7ba-fc78-5b34-bef8-ebb274ff42d2,5f2933e2-ffd3-5b94-a79f-f76cf1ff031e,W-002,BB:00:00:00:00:02,2026-01-09,8,Z00,2026-01-09T11:46:00.000+00:00,EXIT,IDEAL_GROUND_TRUTH
abcbd7ba-fc78-5b34-bef8-ebb274ff42d2,3d469b75-ca18-5a58-92b0-cf67c7b6dca0,W-002,BB:00:00:00:00:02,2026-01-09,9,Z05-B,2026-01-09T11:46:00.000+00:00,ENTER,IDEAL_GROUND_TRUTH
abcbd7ba-fc78-5b34-bef8-ebb274ff42d2,dcee8ea3-21b7-50a3-bd4d-fcf9dbe01707,W-002,BB:00:00:00:00:02,2026-01-09,9,Z05-B,2026-01-09T14:58:00.000+00:00,EXIT,IDEAL_GROUND_TRUTH
abcbd7ba-fc78-5b34-bef8-ebb274ff42d2,22c6c8df-ddc5-566b-b176-3c4544d8c662,W-002,BB:00:00:00:00:02,2026-01-09,10,Z06,2026-01-09T14:58:00.000+00:00,ENTER,IDEAL_GROUND_TRUTH
abcbd7ba-fc78-5b34-bef8-ebb274ff42d2,05c09843-3cf3-5755-898e-a8688fd014a6,W-002,BB:00:00:00:00:02,2026-01-09,10,Z06,2026-01-09T15:34:00.000+00:00,EXIT,IDEAL_GROUND_TRUTH
abcbd7ba-fc78-5b34-bef8-ebb274ff42d2,6c23cad0-789d-593c-837e-c90c40639057,W-002,BB:00:00:00:00:02,2026-01-09,11,Z05-B,2026-01-09T15:34:00.000+00:00,ENTER,IDEAL_GROUND_TRUTH
abcbd7ba-fc78-5b34-bef8-ebb274ff42d2,c4773c1a-957c-50aa-8b1f-75016954e4ba,W-002,BB:00:00:00:00:02,2026-01-09,11,Z05-B,2026-01-09T19:45:00.000+00:00,EXIT,IDEAL_GROUND_TRUTH
abcbd7ba-fc78-5b34-bef8-ebb274ff42d2,3f53d71f-3d38-5573-af89-acae5c64d1c7,W-002,BB:00:00:00:00:02,2026-01-09,12,Z00,2026-01-09T19:45:00.000+00:00,ENTER,IDEAL_GROUND_TRUTH
abcbd7ba-fc78-5b34-bef8-ebb274ff42d2,6bb47f48-cfee-50b7-9973-0705da434d35,W-002,BB:00:00:00:00:02,2026-01-09,12,Z00,2026-01-09T19:48:00.000+00:00,EXIT,IDEAL_GROUND_TRUTH
abcbd7ba-fc78-5b34-bef8-ebb274ff42d2,476259b7-fb2a-5f0c-9b79-f0620a6389ec,W-002,BB:00:00:00:00:02,2026-01-09,13,Z04,2026-01-09T19:48:00.000+00:00,ENTER,IDEAL_GROUND_TRUTH
abcbd7ba-fc78-5b34-bef8-ebb274ff42d2,7e32ec46-4195-5ae9-ae76-c231e655bf6d,W-002,BB:00:00:00:00:02,2026-01-09,13,Z04,2026-01-09T19:51:00.000+00:00,EXIT,IDEAL_GROUND_TRUTH
abcbd7ba-fc78-5b34-bef8-ebb274ff42d2,6fa5af19-37ae-519a-a0cd-5eadc14f7fe9,W-002,BB:00:00:00:00:02,2026-01-09,14,Z00,2026-01-09T19:51:00.000+00:00,ENTER,IDEAL_GROUND_TRUTH
abcbd7ba-fc78-5b34-bef8-ebb274ff42d2,a3d43bd7-b798-58f2-9d06-22239d49f517,W-002,BB:00:00:00:00:02,2026-01-09,14,Z00,2026-01-09T19:52:00.000+00:00,EXIT,IDEAL_GROUND_TRUTH
abcbd7ba-fc78-5b34-bef8-ebb274ff42d2,c4fc027a-e5d9-55bf-a7f8-510766f2894d,W-002,BB:00:00:00:00:02,2026-01-09,15,Z02,2026-01-09T19:52:00.000+00:00,ENTER,IDEAL_GROUND_TRUTH
abcbd7ba-fc78-5b34-bef8-ebb274ff42d2,710a26c8-97fb-5d67-9da6-67b5e861db80,W-002,BB:00:00:00:00:02,2026-01-09,15,Z02,2026-01-09T19:59:00.000+00:00,EXIT,IDEAL_GROUND_TRUTH
abcbd7ba-fc78-5b34-bef8-ebb274ff42d2,e5cd9cfd-ec00-58cd-b412-5b04161e3a63,W-002,BB:00:00:00:00:02,2026-01-09,16,Z01,2026-01-09T19:59:00.000+00:00,ENTER,IDEAL_GROUND_TRUTH
abcbd7ba-fc78-5b34-bef8-ebb274ff42d2,409a94e6-855d-5dfb-90ca-54d7dfbb49b8,W-002,BB:00:00:00:00:02,2026-01-09,16,Z01,2026-01-09T20:02:00.000+00:00,EXIT,IDEAL_GROUND_TRUTH
abcbd7ba-fc78-5b34-bef8-ebb274ff42d2,2c09e4c1-d8dd-5ef1-856a-82b7631ee415,W-003,BB:00:00:00:00:03,2026-01-09,1,Z01,2026-01-09T11:02:00.000+00:00,ENTER,IDEAL_GROUND_TRUTH
abcbd7ba-fc78-5b34-bef8-ebb274ff42d2,5419529c-8697-5b94-b8c3-05b9e9386578,W-003,BB:00:00:00:00:03,2026-01-09,1,Z01,2026-01-09T11:05:00.000+00:00,EXIT,IDEAL_GROUND_TRUTH
abcbd7ba-fc78-5b34-bef8-ebb274ff42d2,a98f6519-d738-5d09-b679-fc31bfc634d3,W-003,BB:00:00:00:00:03,2026-01-09,2,Z00,2026-01-09T11:05:00.000+00:00,ENTER,IDEAL_GROUND_TRUTH
abcbd7ba-fc78-5b34-bef8-ebb274ff42d2,383224b8-11ed-5f36-8b63-26e14911dd6d,W-003,BB:00:00:00:00:03,2026-01-09,2,Z00,2026-01-09T11:07:00.000+00:00,EXIT,IDEAL_GROUND_TRUTH
abcbd7ba-fc78-5b34-bef8-ebb274ff42d2,f5d77608-591f-5978-a191-a91efcf7d63e,W-003,BB:00:00:00:00:03,2026-01-09,3,Z02,2026-01-09T11:07:00.000+00:00,ENTER,IDEAL_GROUND_TRUTH
abcbd7ba-fc78-5b34-bef8-ebb274ff42d2,cdbfd543-8ca1-587b-9bb0-84621b1bc58a,W-003,BB:00:00:00:00:03,2026-01-09,3,Z02,2026-01-09T11:21:00.000+00:00,EXIT,IDEAL_GROUND_TRUTH
abcbd7ba-fc78-5b34-bef8-ebb274ff42d2,69cc920e-ff73-5785-9e27-7ee4aca5e687,W-003,BB:00:00:00:00:03,2026-01-09,4,Z00,2026-01-09T11:21:00.000+00:00,ENTER,IDEAL_GROUND_TRUTH
abcbd7ba-fc78-5b34-bef8-ebb274ff42d2,45abcf60-2ad5-545b-8df9-6c356d93f1a6,W-003,BB:00:00:00:00:03,2026-01-09,4,Z00,2026-01-09T11:23:00.000+00:00,EXIT,IDEAL_GROUND_TRUTH
abcbd7ba-fc78-5b34-bef8-ebb274ff42d2,4cb6962a-3dd5-5ff8-b403-f2e785c80ba5,W-003,BB:00:00:00:00:03,2026-01-09,5,Z03,2026-01-09T11:23:00.000+00:00,ENTER,IDEAL_GROUND_TRUTH
abcbd7ba-fc78-5b34-bef8-ebb274ff42d2,9da3ea80-b848-5b99-8f7d-0470a1db7b31,W-003,BB:00:00:00:00:03,2026-01-09,5,Z03,2026-01-09T11:37:00.000+00:00,EXIT,IDEAL_GROUND_TRUTH
abcbd7ba-fc78-5b34-bef8-ebb274ff42d2,e3583cac-294c-5ab0-8c8a-1561140249d4,W-003,BB:00:00:00:00:03,2026-01-09,6,Z00,2026-01-09T11:37:00.000+00:00,ENTER,IDEAL_GROUND_TRUTH
abcbd7ba-fc78-5b34-bef8-ebb274ff42d2,de19616e-66c1-5df8-9f26-80df3a6e769e,W-003,BB:00:00:00:00:03,2026-01-09,6,Z00,2026-01-09T11:40:00.000+00:00,EXIT,IDEAL_GROUND_TRUTH
abcbd7ba-fc78-5b34-bef8-ebb274ff42d2,836534d7-a642-59e5-9e76-5e2b33692869,W-003,BB:00:00:00:00:03,2026-01-09,7,Z04,2026-01-09T11:40:00.000+00:00,ENTER,IDEAL_GROUND_TRUTH
abcbd7ba-fc78-5b34-bef8-ebb274ff42d2,741cc9ce-4b10-5aa4-a3e4-7e6d440b9800,W-003,BB:00:00:00:00:03,2026-01-09,7,Z04,2026-01-09T11:48:00.000+00:00,EXIT,IDEAL_GROUND_TRUTH
abcbd7ba-fc78-5b34-bef8-ebb274ff42d2,3a211005-e6cd-5a5d-8545-58769529998e,W-003,BB:00:00:00:00:03,2026-01-09,8,Z00,2026-01-09T11:48:00.000+00:00,ENTER,IDEAL_GROUND_TRUTH
abcbd7ba-fc78-5b34-bef8-ebb274ff42d2,b453976d-6a76-5b8d-82c2-b221c1718d7a,W-003,BB:00:00:00:00:03,2026-01-09,8,Z00,2026-01-09T11:51:00.000+00:00,EXIT,IDEAL_GROUND_TRUTH
abcbd7ba-fc78-5b34-bef8-ebb274ff42d2,a3e7fbdf-0a23-5c9e-a791-41914c81bc9f,W-003,BB:00:00:00:00:03,2026-01-09,9,Z05-B,2026-01-09T11:51:00.000+00:00,ENTER,IDEAL_GROUND_TRUTH
abcbd7ba-fc78-5b34-bef8-ebb274ff42d2,2da41c3f-86ff-52ac-aab9-7a24dfe3742a,W-003,BB:00:00:00:00:03,2026-01-09,9,Z05-B,2026-01-09T15:10:00.000+00:00,EXIT,IDEAL_GROUND_TRUTH
abcbd7ba-fc78-5b34-bef8-ebb274ff42d2,99a1282a-985f-5f3c-9091-eac85db6519c,W-003,BB:00:00:00:00:03,2026-01-09,10,Z06,2026-01-09T15:10:00.000+00:00,ENTER,IDEAL_GROUND_TRUTH
abcbd7ba-fc78-5b34-bef8-ebb274ff42d2,86c32e16-5794-5a07-b9aa-54aa1c593867,W-003,BB:00:00:00:00:03,2026-01-09,10,Z06,2026-01-09T15:46:00.000+00:00,EXIT,IDEAL_GROUND_TRUTH
abcbd7ba-fc78-5b34-bef8-ebb274ff42d2,72aafa48-041c-5f85-86d9-bfe8363d28dc,W-003,BB:00:00:00:00:03,2026-01-09,11,Z00,2026-01-09T15:46:00.000+00:00,ENTER,IDEAL_GROUND_TRUTH
abcbd7ba-fc78-5b34-bef8-ebb274ff42d2,34cf35dc-6243-527a-8ca9-eba5dc9108f9,W-003,BB:00:00:00:00:03,2026-01-09,11,Z00,2026-01-09T15:49:00.000+00:00,EXIT,IDEAL_GROUND_TRUTH
abcbd7ba-fc78-5b34-bef8-ebb274ff42d2,c2ca5158-64e8-5d24-a1ee-17b3ba7a754a,W-003,BB:00:00:00:00:03,2026-01-09,12,Z05-A,2026-01-09T15:49:00.000+00:00,ENTER,IDEAL_GROUND_TRUTH
abcbd7ba-fc78-5b34-bef8-ebb274ff42d2,e03a2330-0d50-58bc-9491-6d08ed8fbef8,W-003,BB:00:00:00:00:03,2026-01-09,12,Z05-A,2026-01-09T19:40:00.000+00:00,EXIT,IDEAL_GROUND_TRUTH
abcbd7ba-fc78-5b34-bef8-ebb274ff42d2,8fec7e3e-7d0e-57b1-9690-f01509353271,W-003,BB:00:00:00:00:03,2026-01-09,13,Z00,2026-01-09T19:40:00.000+00:00,ENTER,IDEAL_GROUND_TRUTH
abcbd7ba-fc78-5b34-bef8-ebb274ff42d2,4363147f-ff25-5374-a6b6-96f4523b45af,W-003,BB:00:00:00:00:03,2026-01-09,13,Z00,2026-01-09T19:43:00.000+00:00,EXIT,IDEAL_GROUND_TRUTH
abcbd7ba-fc78-5b34-bef8-ebb274ff42d2,2fbae89e-dcc8-5d32-a810-44fa4a791911,W-003,BB:00:00:00:00:03,2026-01-09,14,Z04,2026-01-09T19:43:00.000+00:00,ENTER,IDEAL_GROUND_TRUTH
abcbd7ba-fc78-5b34-bef8-ebb274ff42d2,bcf8fa3a-660b-5bff-a7d3-9d6bfa35bde7,W-003,BB:00:00:00:00:03,2026-01-09,14,Z04,2026-01-09T19:49:00.000+00:00,EXIT,IDEAL_GROUND_TRUTH
abcbd7ba-fc78-5b34-bef8-ebb274ff42d2,86e165f3-c982-5d53-b952-b7521daf984e,W-003,BB:00:00:00:00:03,2026-01-09,15,Z00,2026-01-09T19:49:00.000+00:00,ENTER,IDEAL_GROUND_TRUTH
abcbd7ba-fc78-5b34-bef8-ebb274ff42d2,629abd01-e94e-5800-b2b5-1817e8b3499a,W-003,BB:00:00:00:00:03,2026-01-09,15,Z00,2026-01-09T19:52:00.000+00:00,EXIT,IDEAL_GROUND_TRUTH
abcbd7ba-fc78-5b34-bef8-ebb274ff42d2,5f0b83df-553e-5ff3-abe9-ca3b8397476c,W-003,BB:00:00:00:00:03,2026-01-09,16,Z02,2026-01-09T19:52:00.000+00:00,ENTER,IDEAL_GROUND_TRUTH
abcbd7ba-fc78-5b34-bef8-ebb274ff42d2,550d471d-9f0b-5a32-a842-90c7507ee587,W-003,BB:00:00:00:00:03,2026-01-09,16,Z02,2026-01-09T19:59:00.000+00:00,EXIT,IDEAL_GROUND_TRUTH
abcbd7ba-fc78-5b34-bef8-ebb274ff42d2,92e9b289-d036-5e32-9835-054f32ea5bde,W-003,BB:00:00:00:00:03,2026-01-09,17,Z01,2026-01-09T19:59:00.000+00:00,ENTER,IDEAL_GROUND_TRUTH
abcbd7ba-fc78-5b34-bef8-ebb274ff42d2,d0b2ce78-6b21-5258-b63a-9a52b849b1a8,W-003,BB:00:00:00:00:03,2026-01-09,17,Z01,2026-01-09T20:02:00.000+00:00,EXIT,IDEAL_GROUND_TRUTH
