Timestamp,latitude-1 => (Aggregate=TimeAverage2),longitude-1 => (Aggregate=TimeAverage2)
9/16/2026 10:53:54,-23.690203664016725,-70.41028594970703
9/16/2026 10:53:59,-23.690202713012695,-70.41028594970703
9/16/2026 10:54:04,-23.690202138137817,-70.41028594970703
9/16/2026 10:54:09,-23.69019984931946,-70.41028594970703
9/16/2026 10:54:14,-23.69019870491028,-70.41029130096436
9/16/2026 10:54:19,-23.69019641609192,-70.41029357910156
9/16/2026 10:54:24,-23.69019412727356,-70.41029357910156
9/16/2026 10:54:29,-23.6901918384552,-70.41029357910156
9/16/2026 10:54:34,-23.690189931106566,-70.41029357910156
9/16/2026 10:54:39,-23.690189361572266,-70.41029357910156
9/16/2026 10:54:44,-23.69018742752075,-70.41029589996339
9/16/2026 10:54:49,-23.690137004089355,-70.41036389770508
9/16/2026 10:54:54,-23.69006834487915,-70.41045697631836
9/16/2026 10:54:59,-23.690027983856204,-70.41051027526855
9/16/2026 10:55:04,-23.690024754714965,-70.41051483154297
9/16/2026 10:55:09,-23.69002322883606,-70.41051483154297
9/16/2026 10:55:14,-23.690021514892578,-70.41051560516357
9/16/2026 10:55:19,-23.690019795608517,-70.4105224609375
9/16/2026 10:55:24,-23.690017888259884,-70.4105224609375
9/16/2026 10:55:29,-23.690017700195312,-70.4105224609375
9/16/2026 10:55:34,-23.690017700195312,-70.4105224609375
9/16/2026 10:55:39,-23.690017700195312,-70.4105224609375
9/16/2026 10:55:44,-23.690017125320434,-70.4105224609375
9/16/2026 10:55:49,-23.69001559944153,-70.41052476043701
9/16/2026 10:55:54,-23.690013885498047,-70.41053009033203
9/16/2026 10:55:59,-23.69001216621399,-70.41053009033203
9/16/2026 10:56:04,-23.690010258865357,-70.41053009033203
9/16/2026 10:56:09,-23.690008351516724,-70.41053696746826
9/16/2026 10:56:14,-23.69000758857727,-70.41053771972656
9/16/2026 10:56:19,-23.690006256103516,-70.41053771972656
9/16/2026 10:56:24,-23.690006256103516,-70.41053771972656
9/16/2026 10:56:29,-23.690006256103516,-70.41053771972656
9/16/2026 10:56:34,-23.690006256103516,-70.41053771972656
9/16/2026 10:56:39,-23.690006256103516,-70.41053771972656
9/16/2026 10:56:44,-23.690005681228637,-70.41053771972656
9/16/2026 10:56:49,-23.69000339241028,-70.41054307098389
9/16/2026 10:56:54,-23.69000244140625,-70.4105453491211
9/16/2026 10:56:59,-23.69000244140625,-70.4105453491211
9/16/2026 10:57:04,-23.69000186653137,-70.4105453491211
9/16/2026 10:57:09,-23.68999995918274,-70.4105453491211
9/16/2026 10:57:14,-23.689998051834106,-70.41054917449951
9/16/2026 10:57:19,-23.689996144485473,-70.41055297851562
9/16/2026 10:57:24,-23.68999481201172,-70.41055297851562
9/16/2026 10:57:29,-23.68999481201172,-70.41055297851562
9/16/2026 10:57:34,-23.68999461860657,-70.41055794830322
9/16/2026 10:57:39,-23.689992904663086,-70.41056060791016
9/16/2026 10:57:44,-23.689992904663086,-70.41056060791016
9/16/2026 10:57:49,-23.68999214172363,-70.41056060791016
9/16/2026 10:57:54,-23.68999118270874,-70.41056060791016
9/16/2026 10:57:59,-23.68998908996582,-70.41056060791016
9/16/2026 10:58:04,-23.68998908996582,-70.41056100006105
9/16/2026 10:58:09,-23.689987466049196,-70.41056823730469
9/16/2026 10:58:14,-23.689987084579467,-70.41056823730469
9/16/2026 10:58:19,-23.689985275268555,-70.41056823730469
9/16/2026 10:58:24,-23.689983651351927,-70.41056823730469
9/16/2026 10:58:29,-23.689983367919922,-70.41056823730469
9/16/2026 10:58:34,-23.689983367919922,-70.41056823730469
9/16/2026 10:58:39,-23.689982986450197,-70.41056823730469
9/16/2026 10:58:44,-23.689982888412477,-70.41056823730469
9/16/2026 10:58:49,-23.689979248428344,-70.41056823730469
9/16/2026 10:58:54,-23.68994450263977,-70.41054378051759
9/16/2026 10:58:59,-23.68992460021973,-70.41052625427247
9/16/2026 10:59:04,-23.689916610717773,-70.4105224609375
9/16/2026 10:59:09,-23.689916610717773,-70.4105224609375
9/16/2026 10:59:14,-23.689916610717773,-70.4105224609375
9/16/2026 10:59:19,-23.689916610717773,-70.4105224609375
9/16/2026 10:59:24,-23.689916610717773,-70.4105224609375
9/16/2026 10:59:29,-23.689916610717773,-70.4105224609375
9/16/2026 10:59:34,-23.689916610717773,-70.4105224609375
9/16/2026 10:59:39,-23.689915368270874,-70.4105224609375
9/16/2026 10:59:44,-23.68991470336914,-70.4105224609375
9/16/2026 10:59:49,-23.68991470336914,-70.4105224609375
9/16/2026 10:59:54,-23.68991470336914,-70.4105224609375
9/16/2026 10:59:59,-23.68991470336914,-70.4105224609375
9/16/2026 11:00:04,-23.68991470336914,-70.4105224609375
9/16/2026 11:00:09,-23.68991470336914,-70.4105259048462
9/16/2026 11:00:14,-23.68991470336914,-70.41053009033203
9/16/2026 11:00:19,-23.68991470336914,-70.41053009033203
9/16/2026 11:00:24,-23.68991470336914,-70.41053009033203
9/16/2026 11:00:29,-23.68991470336914,-70.41053009033203
9/16/2026 11:00:34,-23.68991470336914,-70.41053009033203
9/16/2026 11:00:39,-23.68991470336914,-70.41053009033203
9/16/2026 11:00:44,-23.68991470336914,-70.41053009033203
9/16/2026 11:00:49,-23.689897974014283,-70.41054656829833
9/16/2026 11:00:54,-23.689881700897217,-70.41058388824463
9/16/2026 11:00:59,-23.689876643753053,-70.41059722900391
9/16/2026 11:01:04,-23.689875009155276,-70.41059609527588
9/16/2026 11:01:09,-23.689855848312376,-70.4106201599121
9/16/2026 11:01:14,-23.68985615310669,-70.41063768615723
9/16/2026 11:01:19,-23.68985710144043,-70.41064453125
9/16/2026 11:01:24,-23.689855673599247,-70.4106510269165
9/16/2026 11:01:29,-23.689857384872436,-70.41065255279541
9/16/2026 11:01:34,-23.689855575561523,-70.41065979003906
9/16/2026 11:01:39,-23.689856818008423,-70.41065979003906
9/16/2026 11:01:44,-23.689858529281615,-70.41064985046387
9/16/2026 11:01:49,-23.68984639892578,-70.41064910888672
9/16/2026 11:01:54,-23.68984356460571,-70.4106250442505
9/16/2026 11:01:59,-23.68984824028015,-70.41061667327881
9/16/2026 11:02:04,-23.6898507144928,-70.41061401367188
9/16/2026 11:02:09,-23.689851858901978,-70.41061096191406
9/16/2026 11:02:14,-23.689855215454102,-70.41061440582277
9/16/2026 11:02:19,-23.689877428054807,-70.41063541870118
9/16/2026 11:02:24,-23.689880948638915,-70.41066210021972
9/16/2026 11:02:29,-23.689882278442383,-70.41067238922119
9/16/2026 11:02:34,-23.689879499435428,-70.41067313079834
9/16/2026 11:02:39,-23.68987131385803,-70.4106674194336
9/16/2026 11:02:44,-23.689873210525512,-70.41067430725097
9/16/2026 11:02:49,-23.68986606063843,-70.41068459625244
9/16/2026 11:02:54,-23.689863771820068,-70.41069566955566
9/16/2026 11:02:59,-23.68986809806824,-70.41071092834473
9/16/2026 11:03:04,-23.68988465461731,-70.41072618713379
9/16/2026 11:03:09,-23.689870431518557,-70.41074410552979
9/16/2026 11:03:14,-23.68985795173645,-70.41076132507325
9/16/2026 11:03:19,-23.689858441925047,-70.41079938659668
9/16/2026 11:03:24,-23.68986589660644,-70.41074362792969
9/16/2026 11:03:29,-23.689869483184815,-70.41070517425537
9/16/2026 11:03:34,-23.68986128692627,-70.41070288543702
9/16/2026 11:03:39,-23.689849363327024,-70.4107032989502
9/16/2026 11:03:44,-23.689841069030763,-70.41071319580078
9/16/2026 11:03:49,-23.689838409423828,-70.41071319580078
9/16/2026 11:03:54,-23.689838409423828,-70.41071319580078
9/16/2026 11:03:59,-23.689838409423828,-70.41071319580078
9/16/2026 11:04:04,-23.689838409423828,-70.41071319580078
9/16/2026 11:04:09,-23.689838409423828,-70.41071319580078
9/16/2026 11:04:14,-23.689838409423828,-70.41071319580078
9/16/2026 11:04:19,-23.689838409423828,-70.41071319580078
9/16/2026 11:04:24,-23.689832387924195,-70.41072008361816
9/16/2026 11:04:29,-23.689817592620848,-70.4107422302246
9/16/2026 11:04:34,-23.689802159118653,-70.41077617034912
9/16/2026 11:04:39,-23.68980398445129,-70.41078186035156
9/16/2026 11:04:44,-23.689809613800048,-70.41076235198975
9/16/2026 11:04:49,-23.689813171768186,-70.41074103240967
9/16/2026 11:04:54,-23.68986107292175,-70.41071583404542
9/16/2026 11:04:59,-23.689890414047245,-70.41069331665038
9/16/2026 11:05:04,-23.689904321670532,-70.41068267822266
9/16/2026 11:05:09,-23.68991032180786,-70.41067694549561
9/16/2026 11:05:14,-23.68991232185364,-70.41067504882812
9/16/2026 11:05:19,-23.689912414550783,-70.41067504882812
9/16/2026 11:05:24,-23.68991078529358,-70.41067925567627
9/16/2026 11:05:29,-23.689904207611086,-70.41068267822266
9/16/2026 11:05:34,-23.68990039291382,-70.41068267822266
9/16/2026 11:05:39,-23.689899444580078,-70.41068267822266
9/16/2026 11:05:44,-23.689899444580078,-70.41068267822266
9/16/2026 11:05:49,-23.689899444580078,-70.41068267822266
9/16/2026 11:05:54,-23.689899444580078,-70.41068267822266
9/16/2026 11:05:59,-23.689899444580078,-70.41068267822266
9/16/2026 11:06:04,-23.689899444580078,-70.41068267822266
9/16/2026 11:06:09,-23.689899444580078,-70.41068267822266
9/16/2026 11:06:14,-23.689899444580078,-70.41068267822266
9/16/2026 11:06:19,-23.689899444580078,-70.41068267822266
9/16/2026 11:06:24,-23.689899444580078,-70.41068267822266
9/16/2026 11:06:29,-23.689899444580078,-70.41068267822266
9/16/2026 11:06:34,-23.689899444580078,-70.41068267822266
9/16/2026 11:06:39,-23.689899444580078,-70.41068267822266
9/16/2026 11:06:44,-23.689899444580078,-70.41068267822266
9/16/2026 11:06:49,-23.689899444580078,-70.41068267822266
9/16/2026 11:06:54,-23.689899444580078,-70.41068267822266
9/16/2026 11:06:59,-23.689899444580078,-70.41068267822266
9/16/2026 11:07:04,-23.689899444580078,-70.41068267822266
9/16/2026 11:07:09,-23.689899444580078,-70.41068267822266
9/16/2026 11:07:14,-23.689899444580078,-70.41068267822266
9/16/2026 11:07:19,-23.689899444580078,-70.41068267822266
9/16/2026 11:07:24,-23.689899444580078,-70.41068267822266
9/16/2026 11:07:29,-23.689897725296017,-70.41068267822266
9/16/2026 11:07:34,-23.689897537231445,-70.41068267822266
9/16/2026 11:07:39,-23.689897537231445,-70.41068267822266
9/16/2026 11:07:44,-23.689897537231445,-70.41068267822266
9/16/2026 11:07:49,-23.689897537231445,-70.41068267822266
9/16/2026 11:07:54,-23.689897537231445,-70.41068267822266
9/16/2026 11:07:59,-23.689897537231445,-70.41068267822266
9/16/2026 11:08:04,-23.689897537231445,-70.41068267822266
9/16/2026 11:08:09,-23.689897537231445,-70.41068267822266
9/16/2026 11:08:14,-23.689897537231445,-70.41068267822266
9/16/2026 11:08:19,-23.689903468704223,-70.41068650360107
9/16/2026 11:08:24,-23.689912419891357,-70.4106926071167
9/16/2026 11:08:29,-23.68991527824402,-70.41070138092041
9/16/2026 11:08:34,-23.689917948532106,-70.41070556640625
9/16/2026 11:08:39,-23.689920049285888,-70.41070748443603
9/16/2026 11:08:44,-23.68992080154419,-70.41071319580078
9/16/2026 11:08:49,-23.689917180252074,-70.41071319580078
9/16/2026 11:08:54,-23.689916610717773,-70.41071319580078
9/16/2026 11:08:59,-23.689916610717773,-70.41071319580078
9/16/2026 11:09:04,-23.689916610717773,-70.41071319580078
9/16/2026 11:09:09,-23.689916610717773,-70.41071319580078
9/16/2026 11:09:14,-23.689916610717773,-70.41071319580078
9/16/2026 11:09:19,-23.689916610717773,-70.41071319580078
9/16/2026 11:09:24,-23.689916610717773,-70.41071319580078
9/16/2026 11:09:29,-23.689916610717773,-70.41071319580078
9/16/2026 11:09:34,-23.689916610717773,-70.41071319580078
9/16/2026 11:09:39,-23.689916610717773,-70.41071319580078
9/16/2026 11:09:44,-23.689916610717773,-70.41071319580078
9/16/2026 11:09:49,-23.689916610717773,-70.41071280364991
9/16/2026 11:09:54,-23.68991834335327,-70.41070059661865
9/16/2026 11:09:59,-23.689936653900148,-70.41069257507323
9/16/2026 11:10:04,-23.68993920478821,-70.41067465667724
9/16/2026 11:10:09,-23.689914345169065,-70.41068616485596
9/16/2026 11:10:14,-23.68984122428894,-70.41071816558838
9/16/2026 11:10:19,-23.689704943466186,-70.41071546325684
9/16/2026 11:10:24,-23.689537314224246,-70.41069410095216
9/16/2026 11:10:29,-23.68942218322754,-70.41074283599853
9/16/2026 11:10:34,-23.689431752014162,-70.41101958312989
9/16/2026 11:10:39,-23.689423566436766,-70.41131233825683
9/16/2026 11:10:44,-23.68942904777527,-70.41140799102783
9/16/2026 11:10:49,-23.68956591300964,-70.41152705230712
9/16/2026 11:10:54,-23.689861473464966,-70.41166132965088
9/16/2026 11:10:59,-23.69021498527527,-70.41173326721193
9/16/2026 11:11:04,-23.69059893989563,-70.4117446899414
9/16/2026 11:11:09,-23.691003417205813,-70.41176382751465
9/16/2026 11:11:14,-23.691418575668337,-70.4118168838501
9/16/2026 11:11:19,-23.691862092971803,-70.4118836303711
9/16/2026 11:11:24,-23.692315749740597,-70.41195116119385
9/16/2026 11:11:29,-23.692649004745483,-70.4120052871704
9/16/2026 11:11:34,-23.692901475524902,-70.41200167236329
9/16/2026 11:11:39,-23.69302282218933,-70.41183029632569
9/16/2026 11:11:44,-23.693255682373046,-70.4117939529419
9/16/2026 11:11:49,-23.69361854019165,-70.41182597503662
9/16/2026 11:11:54,-23.69403189468384,-70.4118473373413
9/16/2026 11:11:59,-23.69444734725952,-70.41186869964599
9/16/2026 11:12:04,-23.69482763710022,-70.41188775177002
9/16/2026 11:12:09,-23.695151134109498,-70.41189501037599
9/16/2026 11:12:14,-23.695469782638547,-70.41191447601318
9/16/2026 11:12:19,-23.69576146430969,-70.41192895050048
9/16/2026 11:12:24,-23.69608501129151,-70.41192012329103
9/16/2026 11:12:29,-23.696393684387207,-70.41187661437988
9/16/2026 11:12:34,-23.69678116836548,-70.41183120880127
9/16/2026 11:12:39,-23.697209384155272,-70.41176481170655
9/16/2026 11:12:44,-23.69759941749573,-70.41170303497314
9/16/2026 11:12:49,-23.69791184844971,-70.41175142059326
9/16/2026 11:12:54,-23.698139921188353,-70.41197766418458
9/16/2026 11:12:59,-23.698258882904053,-70.41208389129638
9/16/2026 11:13:04,-23.698276612472533,-70.41210516815185
9/16/2026 11:13:09,-23.698284067153928,-70.4121074783325
9/16/2026 11:13:14,-23.698286149215697,-70.412109375
9/16/2026 11:13:19,-23.698293614578247,-70.41211894378662
9/16/2026 11:13:24,-23.698351469421386,-70.41216022796631
9/16/2026 11:13:29,-23.698643100738526,-70.41225631561278
9/16/2026 11:13:34,-23.69908195838928,-70.41226691131592
9/16/2026 11:13:39,-23.699507511138915,-70.4122508682251
9/16/2026 11:13:44,-23.69990854988098,-70.41222340240479
9/16/2026 11:13:49,-23.70035962524414,-70.41223228302002
9/16/2026 11:13:54,-23.700767862319946,-70.41240586547852
9/16/2026 11:13:59,-23.7008743144989,-70.41283781738281
9/16/2026 11:14:04,-23.70068683052063,-70.41314189910888
9/16/2026 11:14:09,-23.700332859802245,-70.4131933303833
9/16/2026 11:14:14,-23.70005072593689,-70.41289462585449
9/16/2026 11:14:19,-23.69997417869568,-70.4124405593872
9/16/2026 11:14:24,-23.699921906661984,-70.41189416656495
9/16/2026 11:14:29,-23.69983905296326,-70.41128299865723
9/16/2026 11:14:34,-23.69971983566284,-70.4106443649292
9/16/2026 11:14:39,-23.6995893409729,-70.40995995483398
9/16/2026 11:14:44,-23.69944782104492,-70.40926417541503
9/16/2026 11:14:49,-23.699314698791504,-70.40858595428467
9/16/2026 11:14:54,-23.69918634223938,-70.40793597259521
9/16/2026 11:14:59,-23.699074410247803,-70.40731803436279
9/16/2026 11:15:04,-23.698961280441285,-70.40670458831787
9/16/2026 11:15:09,-23.698832886505127,-70.40606445007323
9/16/2026 11:15:14,-23.69868484954834,-70.40537084197999
9/16/2026 11:15:19,-23.698523305130003,-70.4046437713623
9/16/2026 11:15:24,-23.69837453727722,-70.40392353515625
9/16/2026 11:15:29,-23.69822749404907,-70.40318653564452
9/16/2026 11:15:34,-23.69808846168518,-70.40245791778565
9/16/2026 11:15:39,-23.697951111221315,-70.40172474365235
9/16/2026 11:15:44,-23.697821502304077,-70.40098851776123
9/16/2026 11:15:49,-23.69785025558472,-70.40026067352295
9/16/2026 11:15:54,-23.698146811294556,-70.39958103332519
9/16/2026 11:15:59,-23.698568367385867,-70.39898217926024
9/16/2026 11:16:04,-23.699020897293092,-70.39837408447266
9/16/2026 11:16:09,-23.699586599731443,-70.39781116333008
9/16/2026 11:16:14,-23.700235329055783,-70.39731529541015
9/16/2026 11:16:19,-23.700879588699344,-70.39682778778077
9/16/2026 11:16:24,-23.701437658691408,-70.39630273590089
9/16/2026 11:16:29,-23.70180489234924,-70.3956777923584
9/16/2026 11:16:34,-23.701950550842287,-70.39503084106445
9/16/2026 11:16:39,-23.70199092788696,-70.39438077392579
9/16/2026 11:16:44,-23.702015911483763,-70.39368185729981
9/16/2026 11:16:49,-23.70212288208008,-70.39296555328369
9/16/2026 11:16:54,-23.702621228790285,-70.39248227691651
9/16/2026 11:16:59,-23.703305268096923,-70.39217333984377
9/16/2026 11:17:04,-23.704008724975587,-70.391865864563
9/16/2026 11:17:09,-23.70472645225525,-70.39155228576661
9/16/2026 11:17:14,-23.705447644805908,-70.3912318511963
9/16/2026 11:17:19,-23.706153294372562,-70.39091754150391
9/16/2026 11:17:24,-23.706823526000978,-70.39061389160156
9/16/2026 11:17:29,-23.70747749443054,-70.39029416656494
9/16/2026 11:17:34,-23.708090468215943,-70.38986898498536
9/16/2026 11:17:39,-23.708637733078003,-70.38929504089356
9/16/2026 11:17:44,-23.709076107025147,-70.38858310089111
9/16/2026 11:17:49,-23.709469579696655,-70.38784075012207
9/16/2026 11:17:54,-23.709860204696657,-70.3870907913208
9/16/2026 11:17:59,-23.71025217285156,-70.38634996643067
9/16/2026 11:18:04,-23.71064832649231,-70.38560841064454
9/16/2026 11:18:09,-23.71104984741211,-70.38485761413574
9/16/2026 11:18:14,-23.711467567443847,-70.38407176513672
9/16/2026 11:18:19,-23.71189101486206,-70.38327830810547
9/16/2026 11:18:24,-23.712362070083618,-70.38248869781494
9/16/2026 11:18:29,-23.712928648757934,-70.38174873199463
9/16/2026 11:18:34,-23.71352278518677,-70.38105907745361
9/16/2026 11:18:39,-23.714113300323483,-70.3803739364624
9/16/2026 11:18:44,-23.714706663131714,-70.37968348693848
9/16/2026 11:18:49,-23.71529418525696,-70.37904051055908
9/16/2026 11:18:54,-23.715997662353516,-70.37864579925538
9/16/2026 11:18:59,-23.716841193389893,-70.37858431091308
9/16/2026 11:19:04,-23.717703089523315,-70.378612550354
9/16/2026 11:19:09,-23.718493726730348,-70.37853056335449
9/16/2026 11:19:14,-23.719145224761963,-70.37814333648683
9/16/2026 11:19:19,-23.719584314727783,-70.37748914489747
9/16/2026 11:19:24,-23.719739962005615,-70.37665743408203
9/16/2026 11:19:29,-23.71974334716797,-70.37578611450195
9/16/2026 11:19:34,-23.71974506111145,-70.3749194793701
9/16/2026 11:19:39,-23.719755989074706,-70.37408942260743
9/16/2026 11:19:44,-23.719851333999635,-70.37327157287598
9/16/2026 11:19:49,-23.72007698020935,-70.37246438293457
9/16/2026 11:19:54,-23.72045599327087,-70.37165031585693
9/16/2026 11:19:59,-23.72094224319458,-70.37084237365723
9/16/2026 11:20:04,-23.721441963195804,-70.37003673095703
9/16/2026 11:20:09,-23.72193808326721,-70.36925552368163
9/16/2026 11:20:14,-23.72249306716919,-70.36852241363525
9/16/2026 11:20:19,-23.72315124130249,-70.36785190734864
9/16/2026 11:20:24,-23.723889083862307,-70.3672722015381
9/16/2026 11:20:29,-23.724655467224117,-70.36675189819336
9/16/2026 11:20:34,-23.725430420303347,-70.36623537750243
9/16/2026 11:20:39,-23.726181867599486,-70.36571432189942
9/16/2026 11:20:44,-23.72687866859436,-70.36518778686523
9/16/2026 11:20:49,-23.72739563179016,-70.36451309204101
9/16/2026 11:20:54,-23.72776807022095,-70.36371959228515
9/16/2026 11:20:59,-23.728153466796876,-70.3629231048584
9/16/2026 11:21:04,-23.728708240127563,-70.36223289031982
9/16/2026 11:21:09,-23.729429518127443,-70.36171735687256
9/16/2026 11:21:14,-23.730160204696652,-70.36127104797364
9/16/2026 11:21:19,-23.730877733230592,-70.36084229736329
9/16/2026 11:21:24,-23.73161231994629,-70.36039745025634
9/16/2026 11:21:29,-23.732387675857545,-70.35992212829589
9/16/2026 11:21:34,-23.733155730438234,-70.35944605407715
9/16/2026 11:21:39,-23.73390841293335,-70.35903619842529
9/16/2026 11:21:44,-23.73471946029663,-70.35892429504395
9/16/2026 11:21:49,-23.735473815917967,-70.359221484375
9/16/2026 11:21:54,-23.736207514953612,-70.35968199310302
9/16/2026 11:21:59,-23.73699423561096,-70.36018099822998
9/16/2026 11:22:04,-23.737785567855834,-70.36068488769531
9/16/2026 11:22:09,-23.73854666595459,-70.36116283721923
9/16/2026 11:22:14,-23.73928523597717,-70.36151026763915
9/16/2026 11:22:19,-23.739997288513184,-70.36142073364257
9/16/2026 11:22:24,-23.74064018630981,-70.36099214019775
9/16/2026 11:22:29,-23.741279572296143,-70.36050002288819
9/16/2026 11:22:34,-23.74197490234375,-70.36002861175538
9/16/2026 11:22:39,-23.742749228668213,-70.35963240356446
9/16/2026 11:22:44,-23.743594499588013,-70.35932766265869
9/16/2026 11:22:49,-23.74443179359436,-70.35904236602784
9/16/2026 11:22:54,-23.745254220962526,-70.35875502319337
9/16/2026 11:22:59,-23.746030471038818,-70.35830794830322
9/16/2026 11:23:04,-23.74666137237549,-70.35760692138672
9/16/2026 11:23:09,-23.747178112411497,-70.35679092559815
9/16/2026 11:23:14,-23.747685324478148,-70.35600788574217
9/16/2026 11:23:19,-23.748263760757446,-70.35532367858887
9/16/2026 11:23:24,-23.748920246887206,-70.35472636108399
9/16/2026 11:23:29,-23.749608831787107,-70.35413772125244
9/16/2026 11:23:34,-23.750334570693973,-70.35352353363037
9/16/2026 11:23:39,-23.75114640045166,-70.3529691116333
9/16/2026 11:23:44,-23.752074263000488,-70.35261693267822
9/16/2026 11:23:49,-23.753041932296753,-70.35242859344481
9/16/2026 11:23:54,-23.7539714012146,-70.35227792358397
9/16/2026 11:23:59,-23.75481685066223,-70.35203575134277
9/16/2026 11:24:04,-23.755511250686645,-70.3515272491455
9/16/2026 11:24:09,-23.75601273574829,-70.35079234619141
9/16/2026 11:24:14,-23.75639766197205,-70.35000346679688
9/16/2026 11:24:19,-23.75677047729492,-70.34918516082764
9/16/2026 11:24:24,-23.75715500946045,-70.34835966033936
9/16/2026 11:24:29,-23.757552434921262,-70.34751772460938
9/16/2026 11:24:34,-23.757965675354004,-70.34663951721191
9/16/2026 11:24:39,-23.758387199401856,-70.3457461364746
9/16/2026 11:24:44,-23.7588014541626,-70.34487490234376
9/16/2026 11:24:49,-23.759199981307983,-70.34402424621581
9/16/2026 11:24:54,-23.75958780593872,-70.34313920440674
9/16/2026 11:24:59,-23.759924057388307,-70.34224570617675
9/16/2026 11:25:04,-23.76017750854492,-70.34127821350098
9/16/2026 11:25:09,-23.760341073608398,-70.34027491607665
9/16/2026 11:25:14,-23.760475830459594,-70.33924948272706
9/16/2026 11:25:19,-23.76061420593262,-70.33819432678223
9/16/2026 11:25:24,-23.760756019973755,-70.33713917083739
9/16/2026 11:25:29,-23.7609089099884,-70.33606415710449
9/16/2026 11:25:34,-23.76104831314087,-70.33499763183593
9/16/2026 11:25:39,-23.761201169204714,-70.3340013397217
9/16/2026 11:25:44,-23.761439920043944,-70.33306833953858
9/16/2026 11:25:49,-23.76177631111145,-70.33219486999512
9/16/2026 11:25:54,-23.76220023612976,-70.33138088836671
9/16/2026 11:25:59,-23.762685174942018,-70.3306409866333
9/16/2026 11:26:04,-23.76326362724304,-70.32999255218506
9/16/2026 11:26:09,-23.763921157073973,-70.32937919158937
9/16/2026 11:26:14,-23.76460227394104,-70.32876959228517
9/16/2026 11:26:19,-23.765292223358156,-70.32815004272462
9/16/2026 11:26:24,-23.76602677268982,-70.3274915939331
9/16/2026 11:26:29,-23.766774265289307,-70.3268293624878
9/16/2026 11:26:34,-23.76750359802246,-70.32617400817871
9/16/2026 11:26:39,-23.768207366943358,-70.32553013000488
9/16/2026 11:26:44,-23.76888825836182,-70.32491066589355
9/16/2026 11:26:49,-23.769532340621947,-70.32433237915039
9/16/2026 11:26:54,-23.770172446823118,-70.3237502456665
9/16/2026 11:26:59,-23.770819231414798,-70.32316660766602
9/16/2026 11:27:04,-23.77147557411194,-70.32257989654542
9/16/2026 11:27:09,-23.772120016479494,-70.32200468292237
9/16/2026 11:27:14,-23.772725925064087,-70.32146151275636
9/16/2026 11:27:19,-23.77330154685974,-70.32094883880615
9/16/2026 11:27:24,-23.773856145095827,-70.32043459625245
9/16/2026 11:27:29,-23.774358621978763,-70.31986301574707
9/16/2026 11:27:34,-23.77470829734802,-70.31925818634033
9/16/2026 11:27:39,-23.774882178115842,-70.31881340332032
9/16/2026 11:27:44,-23.77507855377197,-70.31829765625
9/16/2026 11:27:49,-23.77545673866272,-70.31793483886719
9/16/2026 11:27:54,-23.776003496932983,-70.31770900878907
9/16/2026 11:27:59,-23.776548322296144,-70.31741745910645
9/16/2026 11:28:04,-23.777028393936156,-70.31716059417724
9/16/2026 11:28:09,-23.77754073982239,-70.31717241210939
9/16/2026 11:28:14,-23.778091495513916,-70.31730593719482
9/16/2026 11:28:19,-23.77872254257202,-70.31739738311768
9/16/2026 11:28:24,-23.779359307479858,-70.31744236450194
9/16/2026 11:28:29,-23.779905868148806,-70.31745070343018
9/16/2026 11:28:34,-23.78046040649414,-70.3174300720215
9/16/2026 11:28:39,-23.78104502220154,-70.31739342956543
9/16/2026 11:28:44,-23.781638212966918,-70.31735225219727
9/16/2026 11:28:49,-23.78220786590576,-70.31731790924071
9/16/2026 11:28:54,-23.78271587677002,-70.31727976226807
9/16/2026 11:28:59,-23.783155647277834,-70.31724621429444
9/16/2026 11:29:04,-23.783575870895383,-70.31721950073242
9/16/2026 11:29:09,-23.784039001846313,-70.31719203491211
9/16/2026 11:29:14,-23.784460779190063,-70.31716686859131
9/16/2026 11:29:19,-23.78480425262451,-70.31714550628662
9/16/2026 11:29:24,-23.785180461883545,-70.3171157409668
9/16/2026 11:29:29,-23.785597252273558,-70.31708369750976
9/16/2026 11:29:34,-23.786007106781007,-70.31705623168945
9/16/2026 11:29:39,-23.786431940078735,-70.31702953948975
9/16/2026 11:29:44,-23.78688724822998,-70.31700282592774
9/16/2026 11:29:49,-23.787362951660157,-70.3169707824707
9/16/2026 11:29:54,-23.78784076652527,-70.31693033599853
9/16/2026 11:29:59,-23.788335554122924,-70.31690210723876
9/16/2026 11:30:04,-23.788853622055054,-70.31686549682618
9/16/2026 11:30:09,-23.789385692977906,-70.31683497924804
9/16/2026 11:30:14,-23.789906306457517,-70.31679909973145
9/16/2026 11:30:19,-23.790453834915162,-70.31676021118163
9/16/2026 11:30:24,-23.790964910125734,-70.31672511596679
9/16/2026 11:30:29,-23.791290179443358,-70.31671717987061
9/16/2026 11:30:34,-23.791406772232055,-70.31674538726807
9/16/2026 11:30:39,-23.79143741989136,-70.31675419311523
9/16/2026 11:30:44,-23.791500078964233,-70.31678353424073
9/16/2026 11:30:49,-23.791533377456666,-70.31676212921143
9/16/2026 11:30:54,-23.79152639160156,-70.3167629562378
9/16/2026 11:30:59,-23.79151371574402,-70.3167839263916
9/16/2026 11:31:04,-23.79150599899292,-70.3167953491211
9/16/2026 11:31:09,-23.791501802825927,-70.31680415496825
9/16/2026 11:31:14,-23.7915006690979,-70.31682168121338
9/16/2026 11:31:19,-23.791505726242065,-70.31682586669922
9/16/2026 11:31:24,-23.791510489273072,-70.31682586669922
9/16/2026 11:31:29,-23.791512015151977,-70.31682586669922
9/16/2026 11:31:34,-23.791514783477783,-70.31682586669922
9/16/2026 11:31:39,-23.79151725769043,-70.31682931060791
9/16/2026 11:31:44,-23.79151725769043,-70.31683349609375
9/16/2026 11:31:49,-23.79151725769043,-70.31683349609375
9/16/2026 11:31:54,-23.79151725769043,-70.31683349609375
9/16/2026 11:31:59,-23.79151725769043,-70.31683349609375
9/16/2026 11:32:04,-23.79151725769043,-70.31683349609375
9/16/2026 11:32:09,-23.79151725769043,-70.31683349609375
9/16/2026 11:32:14,-23.79151725769043,-70.31683349609375
9/16/2026 11:32:19,-23.79151725769043,-70.31683349609375
9/16/2026 11:32:24,-23.79151725769043,-70.31683349609375
9/16/2026 11:32:29,-23.79151725769043,-70.31683349609375
9/16/2026 11:32:34,-23.79151725769043,-70.31683349609375
9/16/2026 11:32:39,-23.79151725769043,-70.31683349609375
9/16/2026 11:32:44,-23.79151725769043,-70.31683349609375
9/16/2026 11:32:49,-23.79151725769043,-70.31683349609375
9/16/2026 11:32:54,-23.79151725769043,-70.31683349609375
9/16/2026 11:32:59,-23.79151725769043,-70.31683349609375
9/16/2026 11:33:04,-23.79151725769043,-70.31683349609375
9/16/2026 11:33:09,-23.79151725769043,-70.31683349609375
9/16/2026 11:33:14,-23.79151725769043,-70.31683349609375
9/16/2026 11:33:19,-23.79151725769043,-70.31683349609375
9/16/2026 11:33:24,-23.79151725769043,-70.31683349609375
9/16/2026 11:33:29,-23.79151725769043,-70.31683349609375
9/16/2026 11:33:34,-23.79151725769043,-70.31683349609375
9/16/2026 11:33:39,-23.79151725769043,-70.31683349609375
9/16/2026 11:33:44,-23.79151725769043,-70.31683349609375
9/16/2026 11:33:49,-23.79151725769043,-70.31683349609375
9/16/2026 11:33:54,-23.79151725769043,-70.31683349609375
9/16/2026 11:33:59,-23.79151725769043,-70.31683349609375
9/16/2026 11:34:04,-23.79151725769043,-70.31683349609375
9/16/2026 11:34:09,-23.79151725769043,-70.31683349609375
9/16/2026 11:34:14,-23.79151725769043,-70.31683349609375
9/16/2026 11:34:19,-23.79151725769043,-70.31683349609375
9/16/2026 11:34:24,-23.79151725769043,-70.31683349609375
9/16/2026 11:34:29,-23.79151725769043,-70.31683349609375
9/16/2026 11:34:34,-23.79151725769043,-70.31683349609375
9/16/2026 11:34:39,-23.79151725769043,-70.31683349609375
9/16/2026 11:34:44,-23.79151725769043,-70.31683349609375
9/16/2026 11:34:49,-23.79151725769043,-70.31683349609375
9/16/2026 11:34:54,-23.79151725769043,-70.31683349609375
9/16/2026 11:34:59,-23.79151725769043,-70.31683349609375
9/16/2026 11:35:04,-23.79151725769043,-70.31683349609375
9/16/2026 11:35:09,-23.79151725769043,-70.31683349609375
9/16/2026 11:35:14,-23.79151725769043,-70.31683349609375
9/16/2026 11:35:19,-23.791518979644774,-70.31683157806395
9/16/2026 11:35:24,-23.791521072387695,-70.31682586669922
9/16/2026 11:35:29,-23.791521072387695,-70.31682586669922
9/16/2026 11:35:34,-23.791521072387695,-70.31682586669922
9/16/2026 11:35:39,-23.791521072387695,-70.31682586669922
9/16/2026 11:35:44,-23.791521072387695,-70.31682586669922
9/16/2026 11:35:49,-23.791521072387695,-70.31682586669922
9/16/2026 11:35:54,-23.791521072387695,-70.31682586669922
9/16/2026 11:35:59,-23.791521072387695,-70.31682586669922
9/16/2026 11:36:04,-23.79152155189514,-70.31682586669922
9/16/2026 11:36:09,-23.791522979736328,-70.31682586669922
9/16/2026 11:36:14,-23.791522979736328,-70.31682586669922
9/16/2026 11:36:19,-23.791522979736328,-70.31682586669922
9/16/2026 11:36:24,-23.791522979736328,-70.31682586669922
9/16/2026 11:36:29,-23.791522979736328,-70.31682586669922
9/16/2026 11:36:34,-23.791522979736328,-70.31682586669922
9/16/2026 11:36:39,-23.791522979736328,-70.31682586669922
9/16/2026 11:36:44,-23.791522979736328,-70.31682586669922
9/16/2026 11:36:49,-23.791521546554566,-70.31682586669922
9/16/2026 11:36:54,-23.791521072387695,-70.31682586669922
9/16/2026 11:36:59,-23.791521072387695,-70.31682586669922
9/16/2026 11:37:04,-23.791521072387695,-70.31682586669922
9/16/2026 11:37:09,-23.791521072387695,-70.31682586669922
9/16/2026 11:37:14,-23.791521072387695,-70.31682586669922
9/16/2026 11:37:19,-23.791521072387695,-70.31682586669922
9/16/2026 11:37:24,-23.791521072387695,-70.31682586669922
9/16/2026 11:37:29,-23.791521072387695,-70.31682586669922
9/16/2026 11:37:34,-23.791521072387695,-70.31682586669922
9/16/2026 11:37:39,-23.791521072387695,-70.31682586669922
9/16/2026 11:37:44,-23.791521361160278,-70.31682586669922
9/16/2026 11:37:49,-23.791523649978636,-70.31682318572999
9/16/2026 11:37:54,-23.79152555732727,-70.31681823730469
9/16/2026 11:37:59,-23.79152583808899,-70.31681823730469
9/16/2026 11:38:04,-23.791522592926025,-70.31681823730469
9/16/2026 11:38:09,-23.791520116043092,-70.31681823730469
9/16/2026 11:38:14,-23.791519165039062,-70.31681823730469
9/16/2026 11:38:19,-23.791519165039062,-70.31681823730469
9/16/2026 11:38:24,-23.791519165039062,-70.31681823730469
9/16/2026 11:38:29,-23.791519165039062,-70.31681823730469
9/16/2026 11:38:34,-23.791519165039062,-70.31681823730469
9/16/2026 11:38:39,-23.791519165039062,-70.31681823730469
9/16/2026 11:38:44,-23.791519165039062,-70.31681823730469
9/16/2026 11:38:49,-23.791519165039062,-70.31681823730469
9/16/2026 11:38:54,-23.791519165039062,-70.31681823730469
9/16/2026 11:38:59,-23.791519165039062,-70.31681823730469
9/16/2026 11:39:04,-23.791519165039062,-70.31681823730469
9/16/2026 11:39:09,-23.791519165039062,-70.31681823730469
9/16/2026 11:39:14,-23.791519165039062,-70.31681823730469
9/16/2026 11:39:19,-23.791519165039062,-70.31681823730469
9/16/2026 11:39:24,-23.791519165039062,-70.31681823730469
9/16/2026 11:39:29,-23.791519165039062,-70.31681823730469
9/16/2026 11:39:34,-23.791519165039062,-70.31681823730469
9/16/2026 11:39:39,-23.791519165039062,-70.31681823730469
9/16/2026 11:39:44,-23.791519165039062,-70.31681823730469
9/16/2026 11:39:49,-23.791519165039062,-70.31681823730469
9/16/2026 11:39:54,-23.791519165039062,-70.31681823730469
9/16/2026 11:39:59,-23.791519165039062,-70.31681823730469
9/16/2026 11:40:04,-23.791519165039062,-70.31681823730469
9/16/2026 11:40:09,-23.791519165039062,-70.31681823730469
9/16/2026 11:40:14,-23.791519165039062,-70.31681823730469
9/16/2026 11:40:19,-23.791519165039062,-70.31681823730469
9/16/2026 11:40:24,-23.791519165039062,-70.31681823730469
9/16/2026 11:40:29,-23.791519165039062,-70.31681823730469
9/16/2026 11:40:34,-23.791519358444212,-70.31681823730469
9/16/2026 11:40:39,-23.791522603607177,-70.31681823730469
9/16/2026 11:40:44,-23.791525843429564,-70.31681136016846
9/16/2026 11:40:49,-23.791528513717648,-70.31681060791016
9/16/2026 11:40:54,-23.791530233001712,-70.31681060791016
9/16/2026 11:40:59,-23.791532516479492,-70.31681060791016
9/16/2026 11:41:04,-23.791532516479492,-70.31681060791016
9/16/2026 11:41:09,-23.791532516479492,-70.31681060791016
9/16/2026 11:41:14,-23.791532323074343,-70.31681748504639
9/16/2026 11:41:19,-23.79153060913086,-70.31681823730469
9/16/2026 11:41:24,-23.79153060913086,-70.31681823730469
9/16/2026 11:41:29,-23.79153060913086,-70.31681823730469
9/16/2026 11:41:34,-23.79152984085083,-70.31681823730469
9/16/2026 11:41:39,-23.791527557373048,-70.31681823730469
9/16/2026 11:41:44,-23.79152717590332,-70.31681901092529
9/16/2026 11:41:49,-23.791526794433594,-70.3168228149414
9/16/2026 11:41:54,-23.791526219558715,-70.31682509307862
9/16/2026 11:41:59,-23.791530453109743,-70.31677310638428
9/16/2026 11:42:04,-23.7916053440094,-70.31671826019287
9/16/2026 11:42:09,-23.791721896362304,-70.31670684814453
9/16/2026 11:42:14,-23.791843004989623,-70.31670912628174
9/16/2026 11:42:19,-23.79196490859985,-70.31668657684325
9/16/2026 11:42:24,-23.792086904144288,-70.31669282989502
9/16/2026 11:42:29,-23.792106803131105,-70.31674577941894
9/16/2026 11:42:34,-23.79210004005432,-70.3167495727539
9/16/2026 11:42:39,-23.792098050689695,-70.3167495727539
9/16/2026 11:42:44,-23.792101767349244,-70.3167495727539
9/16/2026 11:42:49,-23.792102813720703,-70.3167495727539
9/16/2026 11:42:54,-23.792102911758427,-70.3167495727539
9/16/2026 11:42:59,-23.792104917144776,-70.31674804687499
9/16/2026 11:43:04,-23.792111881637574,-70.31674460296631
9/16/2026 11:43:09,-23.79211377830505,-70.31674002532958
9/16/2026 11:43:14,-23.792112350463867,-70.31673431396484
9/16/2026 11:43:19,-23.792112350463867,-70.31673431396484
9/16/2026 11:43:24,-23.792112350463867,-70.31673431396484
9/16/2026 11:43:29,-23.79211167755127,-70.31673431396484
9/16/2026 11:43:34,-23.79210643234253,-70.31673431396484
9/16/2026 11:43:39,-23.792105680084227,-70.31673661346436
9/16/2026 11:43:44,-23.792108437728885,-70.31674002532958
9/16/2026 11:43:49,-23.792103473281863,-70.31673392181396
9/16/2026 11:43:54,-23.79210186894734,-70.31672988128662
