Timestamp,stress-1 => (Aggregate=TimeAverage2),stressRate-1 => (Aggregate=TimeAverage2),stressRange-1 => (Aggregate=TimeAverage2),stressRateRange-1 => (Aggregate=TimeAverage2),microDamage-1 => (Aggregate=TimeAverage2)
9/16/2026 11:31:39 AM,-2.3952001190185546,0.34499999940395354,0,0,0
9/16/2026 11:31:40 AM,-2.316400055885315,0.019999994859099396,0,0,0
9/16/2026 11:31:41 AM,-2.275300135612488,-0.06600000284612179,0,0,0
9/16/2026 11:31:42 AM,-2.287200102806091,-0.04200000062584877,0,0,0
9/16/2026 11:31:43 AM,-2.267400121688843,0.09200000323355198,0,0,0
9/16/2026 11:31:44 AM,-2.2575000524520874,-0.08400000311434269,0,0,0
9/16/2026 11:31:45 AM,-2.2574000930786133,0.009000000134110451,0,0,0
9/16/2026 11:31:46 AM,-2.2365000915527347,0.00800000011920929,3.6834001922607422,41.87400192260742,0.008399999812245368
9/16/2026 11:31:47 AM,-0.6805000162124633,10.390999867320062,0.7016000366210937,7.976000366210938,0.0015999999642372132
9/16/2026 11:31:48 AM,-1.7051000356674195,5.825999927297234,0,0,0
9/16/2026 11:31:49 AM,-2.43500018119812,-0.04300000190734864,0,0,0
9/16/2026 11:31:50 AM,-2.4374000787734986,0.034000001773238184,0,0,0
9/16/2026 11:31:51 AM,-2.4334000635147097,0.009000000134110451,0,0,0
9/16/2026 11:31:52 AM,-2.4292000484466554,0.016000000238418577,0,0,0
9/16/2026 11:31:53 AM,-2.455200080871582,-0.03300000049173832,0,0,0
9/16/2026 11:31:54 AM,-2.46260009765625,-0.01700000025331974,0,0,0
9/16/2026 11:31:55 AM,-2.454900040626526,-0.09100000135600567,0,0,0
9/16/2026 11:31:56 AM,-2.4573000621795655,0.02500000037252903,0,0,0
9/16/2026 11:31:57 AM,-2.4400001764297485,0.05800000086426735,0,0,0
9/16/2026 11:31:58 AM,-2.4383001375198363,-0.06800000101327897,0,0,0
9/16/2026 11:31:59 AM,-2.432500123977661,-0.06500000096857547,0,0,0
9/16/2026 11:32:00 AM,-2.407300148010254,0.00800000011920929,0,0,0
9/16/2026 11:32:01 AM,-2.413400082588196,0.07600000239908695,0,0,0
9/16/2026 11:32:02 AM,-2.414199981689453,0.024000000953674317,0,0,0
9/16/2026 11:32:03 AM,-2.3983000183105467,-0.06800000101327897,0,0,0
9/16/2026 11:32:04 AM,-2.3906001234054566,0.026000002250075337,0,0,0
9/16/2026 11:32:05 AM,-2.3641000699996946,-0.05000000074505806,0,0,0
9/16/2026 11:32:06 AM,-2.3617001724243165,-0.03300000049173832,0,0,0
9/16/2026 11:32:07 AM,-2.356600136756897,-0.02500000037252903,0,0,0
9/16/2026 11:32:08 AM,-2.344800148010254,0.1430000039935112,0,0,0
9/16/2026 11:32:09 AM,-2.342600049972534,0.03200000047683716,0,0,0
9/16/2026 11:32:10 AM,-2.3341000986099245,0,0,0,0
9/16/2026 11:32:11 AM,-2.3316000413894655,0.04200000062584877,0,0,0
9/16/2026 11:32:12 AM,-2.314800057411194,0.00800000011920929,0,0,0
9/16/2026 11:32:13 AM,-2.323500089645386,0,0,0,0
9/16/2026 11:32:14 AM,-2.309100122451782,-0.01700000025331974,0,0,0
9/16/2026 11:32:15 AM,-2.304000086784363,-0.016000000238418577,0,0,0
9/16/2026 11:32:16 AM,-2.303400068283081,-0.009000000134110451,0,0,0
9/16/2026 11:32:17 AM,-2.3109001207351687,0.026000000387430194,0,0,0
9/16/2026 11:32:18 AM,-2.2990001726150515,0.12600000061094763,0,0,0
9/16/2026 11:32:19 AM,-2.2917000389099123,0.08200000062584878,0,0,0
9/16/2026 11:32:20 AM,-2.2883001232147215,-0.02500000037252903,0,0,0
9/16/2026 11:32:21 AM,-2.2767001724243165,0.06600000284612179,0,0,0
9/16/2026 11:32:22 AM,-2.26740008354187,0.01700000025331974,0,0,0
9/16/2026 11:32:23 AM,-2.263200144767761,0.03400000050663948,0,0,0
9/16/2026 11:32:24 AM,-2.2567000341415406,0.06600000098347664,0,0,0
9/16/2026 11:32:25 AM,-2.249100060462952,-0.051000002026557925,0,0,0
9/16/2026 11:32:26 AM,-2.2315000963211062,-0.00800000071525574,0,0,0
9/16/2026 11:32:27 AM,-2.2309001588821413,0.018000000268220902,0,0,0
9/16/2026 11:32:28 AM,-2.226600179672241,-0.03400000050663948,0,0,0
9/16/2026 11:32:29 AM,-2.1704000568389894,-0.116000005453825,0,0,0
9/16/2026 11:32:30 AM,-2.129700074195862,-0.1340000057220459,0,0,0
9/16/2026 11:32:31 AM,-2.1133001708984374,0.07500000298023224,0,0,0
9/16/2026 11:32:32 AM,-2.106700215339661,-0.03300000049173832,0,0,0
9/16/2026 11:32:33 AM,-2.1125000715255737,0.05800000086426735,0,0,0
9/16/2026 11:32:34 AM,-2.095800127983093,0.05900000087916851,0,0,0
9/16/2026 11:32:35 AM,-2.0816000795364378,0.09200000263750553,0,0,0
9/16/2026 11:32:36 AM,-2.090000033378601,0.0320000010728836,0,0,0
9/16/2026 11:32:37 AM,-2.0723001098632814,0.05800000086426735,0,0,0
9/16/2026 11:32:38 AM,-2.0716000509262087,-0.007000000104308124,0,0,0
9/16/2026 11:32:39 AM,-2.3741001224517824,9.709000001251699,0,0,0
9/16/2026 11:32:40 AM,51.851804685592654,301.93101245462896,0,0,0
9/16/2026 11:32:41 AM,-0.4785999721288682,513.1849936528504,0,0,0
9/16/2026 11:32:42 AM,14.973800340294838,0.23300000347197056,0,0,0
9/16/2026 11:32:43 AM,52.36520153284073,-53.82501025378707,0,0,0
9/16/2026 11:32:44 AM,-0.392300006300211,-32.321004972457885,0,0,0
9/16/2026 11:32:45 AM,-0.2523999524116516,308.39001197814935,0,0,0
9/16/2026 11:32:46 AM,-0.24020002990961076,-96.896005859375,0,0,0
9/16/2026 11:32:47 AM,-0.19740000039339067,4.053999997600913,214.86359436035156,2435.24408203125,93.77301727294922
9/16/2026 11:32:48 AM,-0.20010000050067903,0.08999999955296517,40.92639892578125,463.856015625,17.861527099609376
9/16/2026 11:32:49 AM,-0.19909999877214432,-0.06000000216066838,0,0,0
9/16/2026 11:32:50 AM,-0.19250000268220901,-0.007000000700354576,0,0,0
9/16/2026 11:32:51 AM,-0.18420000076293946,-0.07600000113248825,0,0,0
9/16/2026 11:32:52 AM,-0.0118000003695488,234.51599584937097,0,0,0
9/16/2026 11:32:53 AM,98.63710650444031,-232.94000610351566,0,0,0
9/16/2026 11:32:54 AM,14.113799747228622,1080.1369775390626,0,0,0
9/16/2026 11:32:55 AM,0.24680000200867655,173.08799583397806,0,0,0
9/16/2026 11:32:56 AM,0.10920000232756137,-4.409000106230378,0,0,0
9/16/2026 11:32:57 AM,-0.06760000079870224,0.13300000675022602,0,0,0
9/16/2026 11:32:58 AM,-0.0516000022739172,0.001000000014901161,0,0,0
9/16/2026 11:32:59 AM,-0.03890000175684691,0.04200000062584877,0,0,0
9/16/2026 11:33:00 AM,-0.03440000157803297,0.13300000198185444,0,0,0
9/16/2026 11:33:01 AM,-0.059200002551078795,-0.04300000190734864,158.63400512695313,2865.870205078125,2.793482494354248
9/16/2026 11:33:02 AM,-0.03650000102818013,-0.049000001326203343,30.2160009765625,545.8800390625,0.5320919036865235
9/16/2026 11:33:03 AM,-0.024900000691413883,0.02500000037252903,0,0,0
9/16/2026 11:33:04 AM,-0.014900001054629684,-0.05000000074505806,0,0,0
9/16/2026 11:33:05 AM,-0.0033000002335757017,0.08400000125169754,0,0,0
9/16/2026 11:33:06 AM,-0.002500000176951289,0.01600000023841858,0,0,0
9/16/2026 11:33:07 AM,0.004200000297278165,-0.07500000298023224,0,0,0
9/16/2026 11:33:08 AM,-0.0017000001203268766,-0.02500000037252903,0,0,0
9/16/2026 11:33:09 AM,-0.005800000177696347,-0.07500000298023224,0,0,0
9/16/2026 11:33:10 AM,0.01010000071488321,-0.01700000025331974,0,0,0
9/16/2026 11:33:11 AM,0.0183000011369586,0.009000000134110451,0,0,0
9/16/2026 11:33:12 AM,0.03260000191628933,-0.01700000025331974,0,0,0
9/16/2026 11:33:13 AM,0.035800001211464406,-0.041000002473592756,0,0,0
9/16/2026 11:33:14 AM,0.04200000125914812,0.01600000023841858,0,0,0
9/16/2026 11:33:15 AM,0.04990000136196614,0,0,0,0
9/16/2026 11:33:16 AM,32.190602850914,257.68000000000006,0,0,0
9/16/2026 11:33:17 AM,-0.43540002703666686,-7.698006362915045,0,0,0
9/16/2026 11:33:18 AM,58.44050289154053,-395.38001037597655,0,0,0
9/16/2026 11:33:19 AM,37.50070174217224,-501.9379897481203,0,0,0
9/16/2026 11:33:20 AM,-0.5309000384807587,-0.06400000095367432,0,0,0
9/16/2026 11:33:21 AM,-0.3810000044107437,0.05900000087916851,0,0,0
9/16/2026 11:33:22 AM,-0.3689000004529953,0.01600000023841858,0,0,0
9/16/2026 11:33:23 AM,-0.3516999924182892,0.018000000268220906,0,0,0
9/16/2026 11:33:24 AM,-0.3507000082731247,0.04000000059604645,150.08700256347655,2886.617958984375,1.7360754489898682
9/16/2026 11:33:25 AM,-0.3668000137805939,-98.64200207531454,28.58800048828125,549.8319921875,0.33068103790283204
9/16/2026 11:33:26 AM,55.28440070152283,196.47100952148446,0,0,0
9/16/2026 11:33:27 AM,1.4914000821113584,-315.5509881591797,0,0,0
9/16/2026 11:33:28 AM,103.70370920181276,-353.5339890289307,0,0,0
9/16/2026 11:33:29 AM,77.57660237312318,-69.0580206298828,0,0,0
9/16/2026 11:33:30 AM,47.89009897649289,-281.6750183105469,0,0,0
9/16/2026 11:33:31 AM,19.86529951095581,187.48400115966797,0,0,0
9/16/2026 11:33:32 AM,-0.7260000550746918,3.5299991299957036,0,0,0
9/16/2026 11:33:33 AM,0.15990000396966933,0.9419999879598617,0,0,0
9/16/2026 11:33:34 AM,-0.16240000903606416,0.02500000037252903,0,0,0
9/16/2026 11:33:35 AM,-0.16580000817775725,0.05000000074505806,0,0,0
9/16/2026 11:33:36 AM,-0.15000000596046448,-0.10200000405311585,0,0,0
9/16/2026 11:33:37 AM,-0.33699999988079077,0.8439999822527171,0,0,0
9/16/2026 11:33:38 AM,24.644699045419692,312.8429999919981,96.00185684204101,1633.975615234375,0.7651110959053039
9/16/2026 11:33:39 AM,104.71670293807985,598.3409735107422,66.71315475463867,1135.474580078125,0.5316873717308044
9/16/2026 11:33:40 AM,43.255201575756075,844.0039990234375,0,0,0
9/16/2026 11:33:41 AM,0.48840002834796903,-433.17998779296875,0,0,0
9/16/2026 11:33:42 AM,-0.04800000280141831,-1.274999976158142,0,0,0
9/16/2026 11:33:43 AM,-0.014900000598281622,0.02500000037252903,0,0,0
9/16/2026 11:33:44 AM,-0.01340000094845891,0.03300000049173832,0,0,0
9/16/2026 11:33:45 AM,-0.003100000377744436,0.009000000134110451,0,0,0
9/16/2026 11:33:46 AM,0.004000000208616256,0.00800000011920929,0,0,0
9/16/2026 11:33:47 AM,-1.6362999738752844,677.5260083011539,0,0,0
9/16/2026 11:33:48 AM,77.10790381908417,-513.9230041503906,0,0,0
9/16/2026 11:33:49 AM,36.973401787281034,372.25298583984375,0,0,0
9/16/2026 11:33:50 AM,-0.24950000524520877,-116.0969959025085,0,0,0
9/16/2026 11:33:51 AM,-0.18950000271201134,5.208000191226601,0,0,0
9/16/2026 11:33:52 AM,-0.12459999948740005,0.212000008225441,0,0,0
9/16/2026 11:33:53 AM,-0.1926999977231026,0.07800000354647635,0,0,0
9/16/2026 11:33:54 AM,-0.34710001230239873,0.07799999989569187,0,0,0
9/16/2026 11:33:55 AM,-0.6459000396728516,0.132000003233552,22.074749450683594,273.3165087890625,4.863548240661621
9/16/2026 11:33:56 AM,-0.6474000382423402,0.0670000009983778,223.2002444458008,2763.5335888671875,49.17587665557861
9/16/2026 11:33:57 AM,-0.6349000298976899,0.05800000086426735,0,0,0
9/16/2026 11:33:58 AM,-0.6199000048637391,-0.0010000000149011645,0,0,0
9/16/2026 11:33:59 AM,-0.5956000077724457,0.03400000050663948,0,0,0
9/16/2026 11:34:00 AM,-0.5826000308990479,-0.02500000037252903,0,0,0
9/16/2026 11:34:01 AM,-0.5900000333786011,0.02500000037252903,0,0,0
9/16/2026 11:34:02 AM,-0.5883000147342682,0.02500000037252903,0,0,0
9/16/2026 11:34:03 AM,-0.5875000059604645,0.059999999627470976,0,0,0
9/16/2026 11:34:04 AM,-0.590900022983551,0.04,0,0,0
9/16/2026 11:34:05 AM,-0.5799000132083894,0.0670000009983778,0,0,0
9/16/2026 11:34:06 AM,-0.6018000221252442,0.0670000009983778,0,0,0
9/16/2026 11:34:07 AM,-0.5974000060558319,0.01600000023841858,0,0,0
9/16/2026 11:34:08 AM,-0.5934000205993653,0,0,0,0
9/16/2026 11:34:09 AM,-0.5925000309944153,0.02500000037252903,0,0,0
9/16/2026 11:34:10 AM,-0.5933000302314758,0.02500000037252903,0,0,0
9/16/2026 11:34:11 AM,-0.5942999994754792,0,0,0,0
9/16/2026 11:34:12 AM,-0.589800033569336,0.016000000238418577,0,0,0
9/16/2026 11:34:13 AM,-0.5975000262260437,-0.14200000524520873,0,0,0
9/16/2026 11:34:14 AM,-0.5765000259876252,-0.20700000368058682,0,0,0
9/16/2026 11:34:15 AM,-0.5642000281810761,-0.009000000134110451,0,0,0
9/16/2026 11:34:16 AM,-0.5794000041484834,0.01700000025331974,0,0,0
9/16/2026 11:34:17 AM,-0.5933000302314758,-0.02500000037252903,0,0,0
9/16/2026 11:34:18 AM,-0.5925000309944153,-0.04200000062584877,0,0,0
9/16/2026 11:34:19 AM,-0.5874000155925752,0.04200000062584877,0,0,0
9/16/2026 11:34:20 AM,-0.5792000341415405,0.03300000049173832,0,0,0
9/16/2026 11:34:21 AM,-0.5935000300407409,-0.01700000025331974,0,0,0
9/16/2026 11:34:22 AM,-0.581600011587143,-0.01600000023841858,0,0,0
9/16/2026 11:34:23 AM,-0.5891000139713287,-0.02500000037252903,0,0,0
9/16/2026 11:34:24 AM,-0.5790000140666962,0.11000000037252904,0,0,0
9/16/2026 11:34:25 AM,-0.5575000047683716,0.07400000050663949,0,0,0
9/16/2026 11:34:26 AM,-0.5583000040054322,0.10000000149011612,0,0,0
9/16/2026 11:34:27 AM,-0.5600000023841858,0.01600000023841858,0,0,0
9/16/2026 11:34:28 AM,-0.5701999926567077,-0.02500000037252903,0,0,0
9/16/2026 11:34:29 AM,-0.5783000051975251,0.041000002473592756,0,0,0
9/16/2026 11:34:30 AM,-0.5633000087738037,-0.09900000147521495,0,0,0
9/16/2026 11:34:31 AM,-0.5674000251293183,0,0,0,0
9/16/2026 11:34:32 AM,-0.5641999983787537,0.00800000011920929,0,0,0
9/16/2026 11:34:33 AM,-0.5641000282764435,0,0,0,0
9/16/2026 11:34:34 AM,-0.5600000023841858,-0.03300000049173832,0,0,0
9/16/2026 11:34:35 AM,-0.5558000063896179,-0.10200000025331975,0,0,0
9/16/2026 11:34:36 AM,-0.5517000102996826,0.04400000125169754,0,0,0
9/16/2026 11:34:37 AM,-0.5499000120162965,0.008000000119209292,0,0,0
9/16/2026 11:34:38 AM,-0.5467000150680542,-0.01700000025331974,0,0,0
9/16/2026 11:34:39 AM,-0.54420001745224,0.01700000025331974,0,0,0
9/16/2026 11:34:40 AM,-0.5526000094413758,0.02500000037252903,0,0,0
9/16/2026 11:34:41 AM,-0.5582000041007996,-0.008000000119209288,0,0,0
9/16/2026 11:34:42 AM,-0.5584000039100647,0.01600000023841858,0,0,0
9/16/2026 11:34:43 AM,-0.5550000071525574,0.01700000025331974,0,0,0
9/16/2026 11:34:44 AM,-0.5534000086784363,0.00800000011920929,0,0,0
9/16/2026 11:34:45 AM,-0.5457000160217286,0.03400000050663948,0,0,0
9/16/2026 11:34:46 AM,-0.5341000270843506,-0.018000000268220902,0,0,0
9/16/2026 11:34:47 AM,-0.5418000197410584,0.10000000521540642,0,0,0
9/16/2026 11:34:48 AM,-0.572600040435791,0.03400000050663948,0,0,0
9/16/2026 11:34:49 AM,-0.5405000305175781,0.10000000149011612,0,0,0
9/16/2026 11:34:50 AM,-0.5208000397682191,-0.05000000074505806,0,0,0
9/16/2026 11:34:51 AM,-0.5276000332832337,-0.0580000027269125,0,0,0
9/16/2026 11:34:52 AM,-0.5408000206947327,0.08300000309944153,0,0,0
9/16/2026 11:34:53 AM,-0.5300000309944153,-0.05900000087916851,0,0,0
9/16/2026 11:34:54 AM,-0.5166000437736511,0.00900000013411045,0,0,0
9/16/2026 11:34:55 AM,-0.5192000412940979,-0.008000000119209288,0,0,0
9/16/2026 11:34:56 AM,-0.5149000453948975,-0.051000000759959224,0,0,0
9/16/2026 11:34:57 AM,-0.5092000007629395,-0.03300000049173832,0,0,0
9/16/2026 11:34:58 AM,-0.5092000412940979,-0.05000000074505806,0,0,0
9/16/2026 11:34:59 AM,-0.5066000533103943,0.05900000087916851,0,0,0
9/16/2026 11:35:00 AM,-0.5100000500679016,0.00800000011920929,0,0,0
9/16/2026 11:35:01 AM,-0.5033000361919403,0.03300000049173832,0,0,0
9/16/2026 11:35:02 AM,-0.49670002341270447,-0.02500000037252903,0,0,0
9/16/2026 11:35:03 AM,-0.4966000378131866,-0.051000000759959224,0,0,0
9/16/2026 11:35:04 AM,-0.48570000827312465,-0.03200000047683716,0,0,0
9/16/2026 11:35:05 AM,-0.5036000418663025,0.05000000074505806,0,0,0
9/16/2026 11:35:06 AM,-0.48230001628398894,0.05000000074505806,0,0,0
9/16/2026 11:35:07 AM,-0.489200005531311,-0.0670000009983778,0,0,0
9/16/2026 11:35:08 AM,-0.5201000308990479,0.051000000759959224,0,0,0
9/16/2026 11:35:09 AM,-2.933900103569031,10.086000190973282,0,0,0
9/16/2026 11:35:10 AM,-1.89620005607605,0.7390000094473361,0,0,0
9/16/2026 11:35:11 AM,-1.5441000962257385,0.34899999402463433,0,0,0
9/16/2026 11:35:12 AM,-1.385800062417984,-10.782000239491463,0,0,0
9/16/2026 11:35:13 AM,-1.5959000611305236,-1.2110000109672547,0,0,0
9/16/2026 11:35:14 AM,-1.0019000566005707,-0.5490000034868716,0,0,0
9/16/2026 11:35:15 AM,-0.742700052857399,-0.18400000274181366,0,0,0
9/16/2026 11:35:16 AM,-0.3374000060558319,-0.14100000396370888,0,0,0
9/16/2026 11:35:17 AM,-0.3360000073909759,-0.024000000357627865,2.678599977493286,21.948000450134277,0.0058999998681247235
9/16/2026 11:35:18 AM,-0.592300016283989,-3.5790000647306446,1.861399984359741,15.252000312805174,0.0040999999083578586
9/16/2026 11:35:19 AM,-0.8114000189304351,-1.6880000305175782,0,0,0
9/16/2026 11:35:20 AM,-0.7615999984741211,0.07600000239908695,0,0,0
9/16/2026 11:35:21 AM,-0.7583000123500824,0.024000000953674317,0,0,0
9/16/2026 11:35:22 AM,-0.7684000420570374,-0.03400000050663948,0,0,0
9/16/2026 11:35:23 AM,-0.7508000087738038,-0.008000000119209292,0,0,0
9/16/2026 11:35:24 AM,-0.7474000525474548,-0.00800000011920929,0,0,0
9/16/2026 11:35:25 AM,-0.748300040960312,0.0580000027269125,0,0,0
9/16/2026 11:35:26 AM,-1.8385000371932982,-43.846001521945,0,0,0
9/16/2026 11:35:27 AM,-1.0057000732421875,0.11300000227987766,0,0,0
9/16/2026 11:35:28 AM,-1.0076000928878783,0.04200000062584877,0,0,0
9/16/2026 11:35:29 AM,-1.005900013446808,0,0,0,0
9/16/2026 11:35:30 AM,-0.9982000315189361,-0.0930000026524067,0,0,0
9/16/2026 11:35:31 AM,-0.992299987077713,-0.08300000183284283,0,0,0
9/16/2026 11:35:32 AM,-0.9859000039100647,-0.01600000023841858,0,0,0
9/16/2026 11:35:33 AM,-0.991700028181076,-0.051000002026557925,0,0,0
9/16/2026 11:35:34 AM,-0.9834000253677369,-0.10000000335276127,0.43784997940063475,13.905,0.0008999999798834324
9/16/2026 11:35:35 AM,-0.9782000207901002,0.009999999552965166,4.42714979171753,140.595,0.00909999979659915
9/16/2026 11:35:36 AM,-0.9750000238418579,0.024000000357627865,0,0,0
9/16/2026 11:35:37 AM,-0.974199994802475,0.08400000311434269,0,0,0
9/16/2026 11:35:38 AM,-0.9507000470161437,0.02500000037252903,0,0,0
9/16/2026 11:35:39 AM,-0.9583000397682191,-0.06800000227987767,0,0,0
9/16/2026 11:35:40 AM,-0.9542000138759614,-0.049000001326203343,0,0,0
9/16/2026 11:35:41 AM,-0.9573000204563141,0.10000000149011612,0,0,0
9/16/2026 11:35:42 AM,-0.9712000381946564,0.13600000202655793,0,0,0
9/16/2026 11:35:43 AM,-0.9630000448226929,0.125,0,0,0
9/16/2026 11:35:44 AM,-0.944100033044815,-0.004000000059604644,0,0,0
9/16/2026 11:35:45 AM,-0.9434999942779541,-0.09000000320374965,0,0,0
9/16/2026 11:35:46 AM,-0.9424000155925751,0.09100000135600567,0,0,0
9/16/2026 11:35:47 AM,-0.9359000110626221,-0.034000001773238184,0,0,0
9/16/2026 11:35:48 AM,-0.9231000137329102,-0.024000000953674317,0,0,0
9/16/2026 11:35:49 AM,-0.9209000158309937,0.05000000074505806,0,0,0
9/16/2026 11:35:50 AM,-0.8991000366210937,0,0,0,0
9/16/2026 11:35:51 AM,-0.9083000278472901,0.01700000025331974,0,0,0
9/16/2026 11:35:52 AM,-0.9108000254631043,-0.05900000087916851,0,0,0
9/16/2026 11:35:53 AM,-0.9117000246047973,0,0,0,0
9/16/2026 11:35:54 AM,-0.8982000374794007,0,0,0,0
9/16/2026 11:35:55 AM,-0.972500057220459,-0.04200000062584877,0,0,0
9/16/2026 11:35:56 AM,-0.9890000796318054,0.051000000759959224,0,0,0
9/16/2026 11:35:57 AM,-0.9960000836849212,0.05000000074505806,0,0,0
9/16/2026 11:35:58 AM,-1.0186000418663026,-0.03400000050663948,0,0,0
9/16/2026 11:35:59 AM,-0.9409000456333161,0.01700000025331974,0,0,0
9/16/2026 11:36:00 AM,-4.362100019454957,2.081000061035156,0,0,0
9/16/2026 11:36:01 AM,-5.1976002502441405,-3.5670000626891856,0,0,0
9/16/2026 11:36:02 AM,-5.235900211334228,0.02000000029802322,0,0,0
9/16/2026 11:36:03 AM,-5.186300239562988,0.04000000119209289,0,0,0
9/16/2026 11:36:04 AM,-5.034400243759156,-0.15900000169873238,0,0,0
9/16/2026 11:36:05 AM,-4.986500091552735,-0.14900000348687173,0,0,0
9/16/2026 11:36:06 AM,-4.799900188446045,-0.9929999843984842,0,0,0
9/16/2026 11:36:07 AM,-4.487600030899047,-0.3479999908804894,0,0,0
9/16/2026 11:36:08 AM,-4.496800003051757,0,5.1595504951477045,33.98400135040283,0.0058999998681247235
9/16/2026 11:36:09 AM,-4.496700162887573,-0.01700000025331974,3.585450344085693,23.616000938415525,0.0040999999083578586
9/16/2026 11:36:10 AM,-4.510000228881836,0.02500000037252903,0,0,0
9/16/2026 11:36:11 AM,-4.484800052642822,-0.03300000049173832,0,0,0
9/16/2026 11:36:12 AM,-4.455600261688232,-0.009000000134110453,0,0,0
9/16/2026 11:36:13 AM,-4.456800441741944,-0.03400000050663948,0,0,0
9/16/2026 11:36:14 AM,-4.470100183486938,0.03500000052154064,0,0,0
9/16/2026 11:36:15 AM,-4.442199954986572,0.05800000086426735,0,0,0
9/16/2026 11:36:16 AM,-4.460200281143189,-0.03400000050663948,0,0,0
9/16/2026 11:36:17 AM,-4.448200244903564,-0.03300000049173832,0,0,0
9/16/2026 11:36:18 AM,-4.435900201797486,0,0,0,0
9/16/2026 11:36:19 AM,-4.4416000938415525,0,0,0,0
9/16/2026 11:36:20 AM,-4.436699981689453,0.10100000336766243,0,0,0
9/16/2026 11:36:21 AM,-4.4551001644134525,-0.05200000077486039,0,0,0
9/16/2026 11:36:22 AM,-4.437900333404541,-0.04800000071525573,0,0,0
9/16/2026 11:36:23 AM,-4.379900035858155,0.03300000049173832,0,0,0
9/16/2026 11:36:24 AM,-4.3616000938415525,0.05000000074505806,0,0,0
9/16/2026 11:36:25 AM,-4.358200092315673,-0.05800000086426735,0,0,0
9/16/2026 11:36:26 AM,-4.345100030899048,0.09100000321865082,0,0,0
9/16/2026 11:36:27 AM,-4.380900211334229,-0.01700000025331974,0,0,0
9/16/2026 11:36:28 AM,-4.369900045394898,-0.00800000011920929,0,0,0
9/16/2026 11:36:29 AM,-4.354900178909302,0,0,0,0
9/16/2026 11:36:30 AM,-4.340800170898437,0.02500000037252903,0,0,0
9/16/2026 11:36:31 AM,-4.326500005722046,-0.0670000009983778,0,0,0
9/16/2026 11:36:32 AM,-4.297300214767456,-0.00800000011920929,0,0,0
9/16/2026 11:36:33 AM,-4.2901002788543705,0.01700000025331974,0,0,0
9/16/2026 11:36:34 AM,-4.314300117492676,0.03300000049173832,0,0,0
9/16/2026 11:36:35 AM,-4.31920015335083,0.04200000062584877,0,0,0
9/16/2026 11:36:36 AM,-4.300700206756592,0.08400000251829624,0,0,0
9/16/2026 11:36:37 AM,-4.31680009841919,0.024000000953674317,0,0,0
9/16/2026 11:36:38 AM,-4.30560040473938,0.059999999627470976,0,0,0
9/16/2026 11:36:39 AM,-4.293400354385376,0.03199999988079071,0,0,0
9/16/2026 11:36:40 AM,-4.2966002750396735,0.00800000011920929,0,0,0
9/16/2026 11:36:41 AM,-4.293300275802613,-0.05000000074505806,0,0,0
9/16/2026 11:36:42 AM,-4.277500152587891,-0.11700000174343586,0,0,0
9/16/2026 11:36:43 AM,-4.279900207519532,0.04200000062584877,0,0,0
9/16/2026 11:36:44 AM,-4.2606000900268555,0.01700000025331974,0,0,0
9/16/2026 11:36:45 AM,-4.250100078582764,0.00800000011920929,0,0,0
9/16/2026 11:36:46 AM,-4.255000114440918,-0.04200000062584877,0,0,0
9/16/2026 11:36:47 AM,-4.239100151062011,0.11000000163912774,0,0,0
9/16/2026 11:36:48 AM,-4.230800037384033,0.014000000208616248,0,0,0
9/16/2026 11:36:49 AM,-4.219799947738648,0.01000000014901161,0,0,0
9/16/2026 11:36:50 AM,-2.6115000796318055,17.714999764561657,0,0,0
9/16/2026 11:36:51 AM,-4.682500057220459,542.9919915801287,0,0,0
9/16/2026 11:36:52 AM,49.64970323085785,612.8619898605347,0,0,0
9/16/2026 11:36:53 AM,22.873901469707487,-134.12899810791018,0,0,0
9/16/2026 11:36:54 AM,0.018999989330768574,-157.98599597930908,0,0,0
9/16/2026 11:36:55 AM,-0.2298000082373619,4.721999939233065,0,0,0
9/16/2026 11:36:56 AM,-0.2471000123023987,0.7850000137090684,0,0,0
9/16/2026 11:36:57 AM,-0.4467000210285187,0.3220000083744526,0,0,0
9/16/2026 11:36:58 AM,-0.4540000289678574,-0.02500000037252903,19.59615005493164,238.1715087890625,1.322032413482666
9/16/2026 11:36:59 AM,-0.4393000131845475,-0.04200000062584877,198.13885055541994,2408.1785888671875,13.367216625213624
9/16/2026 11:37:00 AM,-0.43240000963211056,0.04300000190734864,0,0,0
9/16/2026 11:37:01 AM,-0.42160001516342166,-0.10200000405311584,0,0,0
9/16/2026 11:37:02 AM,-0.4107000106573105,-0.041000001206994055,0,0,0
9/16/2026 11:37:03 AM,-0.40330002248287206,-0.05800000086426735,0,0,0
9/16/2026 11:37:04 AM,-0.3933999973535538,-0.05000000074505806,0,0,0
9/16/2026 11:37:05 AM,-0.38980000555515293,-0.051000002026557925,0,0,0
9/16/2026 11:37:06 AM,-0.369900004863739,-0.11700000233948231,0,0,0
9/16/2026 11:37:07 AM,-0.36670000791549684,-0.01500000022351742,0,0,0
9/16/2026 11:37:08 AM,-0.3582000058889389,0.00800000011920929,0,0,0
9/16/2026 11:37:09 AM,-0.21670000273734333,-0.03400000050663948,0,0,0
9/16/2026 11:37:10 AM,0.020000001415610313,-0.04100000061094761,0,0,0
9/16/2026 11:37:11 AM,0.03180000178515911,0.02500000037252903,0,0,0
9/16/2026 11:37:12 AM,0.04930000215768814,0.008000000119209288,0,0,0
9/16/2026 11:37:13 AM,61.44260178565979,-194.30199169859293,0,0,0
9/16/2026 11:37:14 AM,54.57670075029135,82.66601196289062,0,0,0
9/16/2026 11:37:15 AM,75.20640073776246,-70.82802856445312,0,0,0
9/16/2026 11:37:16 AM,42.47470057487488,-12.700024414062511,0,0,0
9/16/2026 11:37:17 AM,42.30229865550995,-325.86999221801756,0,0,0
9/16/2026 11:37:18 AM,-0.597000030875206,-16.124000245630743,0,0,0
9/16/2026 11:37:19 AM,-0.46919999957084657,0,0,0,0
9/16/2026 11:37:20 AM,-0.463300005197525,-0.03400000050663948,0,0,0
9/16/2026 11:37:21 AM,-0.44910001873970035,0.02600000038743019,16.853849945068358,235.09799560546875,0.27336512088775633
9/16/2026 11:37:22 AM,-0.4306000113487244,0.009000001400709154,170.41114944458008,2377.101955566406,2.7640251111984253
9/16/2026 11:37:23 AM,-0.4276000344753265,0.007000000700354576,0,0,0
9/16/2026 11:37:24 AM,-0.41650003969669347,-0.00800000011920929,0,0,0
9/16/2026 11:37:25 AM,-0.40510002613067625,-0.008000000119209288,0,0,0
9/16/2026 11:37:26 AM,-0.38810001194477084,-0.01700000025331974,0,0,0
9/16/2026 11:37:27 AM,-0.3883000069856644,0.04200000062584877,0,0,0
9/16/2026 11:37:28 AM,-0.05319999885745346,0.05000000074505806,0,0,0
9/16/2026 11:37:29 AM,0.019200001284480094,-0.02500000037252903,0,0,0
9/16/2026 11:37:30 AM,0.033400002047419546,-0.04300000190734864,0,0,0
9/16/2026 11:37:31 AM,0.040100002214312556,-0.01500000081956386,0,0,0
9/16/2026 11:37:32 AM,0.05590000264346599,0.1160000017285347,0,0,0
9/16/2026 11:37:33 AM,0.06420000150799751,-0.04200000062584877,0,0,0
9/16/2026 11:37:34 AM,0.07010000154376031,-0.0670000009983778,0,0,0
9/16/2026 11:37:35 AM,0.09770000517368316,-0.025000000372529033,0,0,0
9/16/2026 11:37:36 AM,0.09250000864267349,0.02600000038743019,0,0,0
9/16/2026 11:37:37 AM,0.0991000021994114,-0.009000000134110451,0,0,0
9/16/2026 11:37:38 AM,0.10510000795125962,0.03500000052154065,0,0,0
9/16/2026 11:37:39 AM,0.12350000530481339,0.13200000196695327,0,0,0
9/16/2026 11:37:40 AM,0.11570000499486924,0,0,0,0
9/16/2026 11:37:41 AM,0.12930000722408297,-0.01700000025331974,0,0,0
9/16/2026 11:37:42 AM,0.13500000536441803,-0.00800000011920929,0,0,0
9/16/2026 11:37:43 AM,0.13580000460147856,-0.051000002026557925,0,0,0
9/16/2026 11:37:44 AM,0.14850001007318497,0.0349999999254942,0,0,0
9/16/2026 11:37:45 AM,0.1642000073194504,-0.018000000268220902,0,0,0
9/16/2026 11:37:46 AM,0.14750000834465027,-0.10800000347197056,0,0,0
9/16/2026 11:37:47 AM,0.16500000655651093,-0.00800000011920929,0,0,0
9/16/2026 11:37:48 AM,0.17590000361204147,-0.05000000074505806,0,0,0
9/16/2026 11:37:49 AM,0.1860000041127205,0.01700000025331974,0,0,0
9/16/2026 11:37:50 AM,0.039600001834332946,0.00800000011920929,0,0,0
9/16/2026 11:37:51 AM,0.004200000138953329,0.02500000037252903,0,0,0
9/16/2026 11:37:52 AM,0.02090000092983246,-0.009000000134110453,0,0,0
9/16/2026 11:37:53 AM,0.03090000070631504,0.03400000050663948,0,0,0
9/16/2026 11:37:54 AM,0.03750000149011612,0.02500000037252903,0,0,0
9/16/2026 11:37:55 AM,0.042600001692771915,0.08300000123679638,0,0,0
9/16/2026 11:37:56 AM,0.05000000074505806,0.009000000134110451,0,0,0
9/16/2026 11:37:57 AM,0.06260000437498092,-0.03400000050663948,0,0,0
9/16/2026 11:37:58 AM,0.07000000402331352,-0.05000000074505806,0,0,0
9/16/2026 11:37:59 AM,0.06840000435709953,-0.05800000086426735,0,0,0
9/16/2026 11:38:00 AM,0.097600005120039,-0.07500000298023224,0,0,0
9/16/2026 11:38:01 AM,0.1026000103354454,0.03300000049173832,0,0,0
9/16/2026 11:38:02 AM,0.10750000923871994,-0.05800000086426735,0,0,0
9/16/2026 11:38:03 AM,0.11340000361204147,-0.01700000025331974,0,0,0
9/16/2026 11:38:04 AM,0.11160000532865524,-0.00800000011920929,0,0,0
9/16/2026 11:38:05 AM,0.13100000560283662,0.07500000298023224,0,0,0
9/16/2026 11:38:06 AM,0.14010000556707383,-0.07600000239908695,0,0,0
9/16/2026 11:38:07 AM,0.15170001178979875,-0.049000001326203343,0,0,0
9/16/2026 11:38:08 AM,0.15920000970363618,-0.05000000074505806,0,0,0
9/16/2026 11:38:09 AM,0.17010000169277192,-0.051000002026557925,0,0,0
9/16/2026 11:38:10 AM,0.17590000122785568,0.04400000005960465,0,0,0
9/16/2026 11:38:11 AM,0.16840000331401828,0.18300000399351118,0,0,0
9/16/2026 11:38:12 AM,0.18829999923706053,0.07500000298023224,0,0,0
9/16/2026 11:38:13 AM,0.19340000689029693,0.06600000157952308,0,0,0
9/16/2026 11:38:14 AM,0.223600010573864,0.08300000309944153,0,0,0
9/16/2026 11:38:15 AM,-0.22150000214576723,1.609999976158142,0,0,0
9/16/2026 11:38:16 AM,-0.4606000125408172,0.04,0,0,0
9/16/2026 11:38:17 AM,-0.4560000222921372,0.0010000012814998654,0,0,0
9/16/2026 11:38:18 AM,-0.44640002608299256,0.07400000169873237,0,0,0
9/16/2026 11:38:19 AM,-0.4315000253915787,0.03300000049173832,0,0,0
9/16/2026 11:38:20 AM,-0.20920000493526458,0.05900000087916851,0,0,0
9/16/2026 11:38:21 AM,-0.15730000376701356,-0.018000001534819607,0,0,0
9/16/2026 11:38:22 AM,-0.15000000596046448,0.0009999994188547127,0,0,0
9/16/2026 11:38:23 AM,-0.1383000022172928,-0.08400000125169754,0.28350000858306884,3.0285001373291016,0.0008999999798834324
9/16/2026 11:38:24 AM,-0.1332000069320202,-0.01600000023841858,2.866500086784363,30.621501388549806,0.00909999979659915
9/16/2026 11:38:25 AM,-0.1083000084757805,0.04200000062584877,0,0,0
9/16/2026 11:38:26 AM,-0.10160000234842301,0.02500000037252903,0,0,0
9/16/2026 11:38:27 AM,-0.0925000011920929,0.016000000238418577,0,0,0
9/16/2026 11:38:28 AM,-0.08400000169873237,0.01700000025331974,0,0,0
9/16/2026 11:38:29 AM,-0.06750000268220901,0,0,0,0
9/16/2026 11:38:30 AM,-0.07160000368952751,-0.008000000119209288,0,0,0
9/16/2026 11:38:31 AM,-0.05160000286996365,-0.03300000235438347,0,0,0
9/16/2026 11:38:32 AM,-0.04320000149309636,0.03300000049173832,0,0,0
9/16/2026 11:38:33 AM,-0.03240000192075968,0.00800000011920929,0,0,0
9/16/2026 11:38:34 AM,-0.021700001060962676,-0.0670000009983778,0,0,0
9/16/2026 11:38:35 AM,-0.012300000647082924,-0.00800000011920929,0,0,0
9/16/2026 11:38:36 AM,0.001700000120326877,-0.0670000009983778,0,0,0
9/16/2026 11:38:37 AM,0.009200000492855907,-0.00800000011920929,0,0,0
9/16/2026 11:38:38 AM,0.019200001284480094,0.008000000119209288,0,0,0
9/16/2026 11:38:39 AM,0.02430000148713589,-0.09100000135600567,0,0,0
9/16/2026 11:38:40 AM,0.03750000149011612,-0.02500000037252903,0,0,0
9/16/2026 11:38:41 AM,0.062000002041459085,-0.009000000134110451,0,0,0
9/16/2026 11:38:42 AM,0.056400001198053364,0.07500000111758709,0,0,0
9/16/2026 11:38:43 AM,0.06690000161528588,0.03400000050663948,0,0,0
9/16/2026 11:38:44 AM,0.09430000588297843,0.03300000049173832,0,0,0
9/16/2026 11:38:45 AM,0.10080000311136246,-0.04200000062584877,0,0,0
9/16/2026 11:38:46 AM,0.11010000437498094,-0.06499999910593032,0,0,0
9/16/2026 11:38:47 AM,0.1368000075221062,0.03099999919533729,0,0,0
9/16/2026 11:38:48 AM,0.13000000268220901,-0.01600000083446503,0,0,0
9/16/2026 11:38:49 AM,0.15010001093149183,0.0010000000149011645,0,0,0
9/16/2026 11:38:50 AM,0.15670001208782197,0.01600000023841858,0,0,0
9/16/2026 11:38:51 AM,0.1534000101685524,-0.05000000074505806,0,0,0
9/16/2026 11:38:52 AM,0.15410000950098038,0.02500000037252903,0,0,0
9/16/2026 11:38:53 AM,0.17180000007152557,0,0,0,0
9/16/2026 11:38:54 AM,0.1875999975204468,-0.0670000009983778,0,0,0
9/16/2026 11:38:55 AM,0.19930000394582748,-0.15800000235438347,0,0,0
9/16/2026 11:38:56 AM,0.20090000957250598,0.029500000439584253,0,0,0
9/16/2026 11:38:57 AM,0.20955000877380373,0.0025000000372529013,0,0,0
9/16/2026 11:38:58 AM,0.09200000780634583,-0.05700000084936619,0,0,0
9/16/2026 11:38:59 AM,0.02090000046417117,0,0,0,0
9/16/2026 11:39:00 AM,0.024550000466406346,-0.025000000372529033,0,0,0
9/16/2026 11:39:01 AM,0.03520000154152513,-0.009000000134110451,0,0,0
9/16/2026 11:39:02 AM,0.05385000247508288,-0.020500000305473807,0,0,0
9/16/2026 11:39:03 AM,0.0722500038892031,-0.02950000043958426,0,0,0
9/16/2026 11:39:04 AM,0.09635000325739385,0.038500002436339865,0,0,0
9/16/2026 11:39:05 AM,0.10250000655651094,-0.05900000274181367,0,0,0
9/16/2026 11:39:06 AM,0.11225000672042372,-0.020500000305473803,0,0,0
9/16/2026 11:39:07 AM,0.1320500068366528,-0.009000000134110451,0,0,0
9/16/2026 11:39:08 AM,0.12840000554919245,-0.0070000001043081265,0,0,0
9/16/2026 11:39:09 AM,0.13340000823140147,0.03650000054389239,0,0,0
9/16/2026 11:39:10 AM,0.15680000826716423,-0.025000000372529033,0,0,0
9/16/2026 11:39:11 AM,0.17225000098347668,-0.07050000105053188,0,0,0
9/16/2026 11:39:12 AM,0.18635000243782998,-0.009000000134110451,0,0,0
9/16/2026 11:39:13 AM,0.19839999973773956,-0.06150000091642142,0,0,0
9/16/2026 11:39:14 AM,0.20615000933408736,0.020500000305473803,0,0,0
9/16/2026 11:39:15 AM,0.20590001493692398,0,0,0,0
9/16/2026 11:39:16 AM,0.22815001472830776,0.025000000372529033,0,0,0
9/16/2026 11:39:17 AM,0.10000000192318112,-0.01600000023841858,0,0,0
9/16/2026 11:39:18 AM,0.004750000336207451,0.06600000098347665,0,0,0
9/16/2026 11:39:19 AM,0.017750001256354155,0.014000000208616257,0,0,0
9/16/2026 11:39:20 AM,0.0004500000318512321,-0.2640000039339066,0,0,0
9/16/2026 11:39:21 AM,-0.005900000417605042,0.10450000155717136,0,0,0
9/16/2026 11:39:22 AM,-0.0005000000353902581,-0.036500002406537536,0,0,0
9/16/2026 11:39:23 AM,-0.002600000835955144,0.1320000019669533,0,0,0
9/16/2026 11:39:24 AM,-0.5961500221490862,0,0,0,0
9/16/2026 11:39:25 AM,-0.5836499851942062,-0.029500000439584253,0,0,0
9/16/2026 11:39:26 AM,-0.5720500153303147,0.05900000274181367,0,0,0
9/16/2026 11:39:27 AM,-0.563199999332428,-0.0385000005736947,0,0,0
9/16/2026 11:39:28 AM,-0.5529500091075897,-0.0750000011175871,0,0,0
9/16/2026 11:39:29 AM,-0.5407000207901002,-0.04550000067800284,0,0,0
9/16/2026 11:39:30 AM,-0.5241000366210937,-0.04100000061094761,0,0,0
9/16/2026 11:39:31 AM,-0.5182000368833543,0.05000000074505806,0,0,0
9/16/2026 11:39:32 AM,-0.5,-8.673617379884037E-19,0,0,0
9/16/2026 11:39:33 AM,-0.497500017285347,0.01600000023841858,0,0,0
9/16/2026 11:39:34 AM,-0.4927500042319298,-0.10000000335276128,0,0,0
9/16/2026 11:39:35 AM,-0.4817999929189683,0.00900000013411045,0,0,0
9/16/2026 11:39:36 AM,-0.48435002446174624,-0.050000002607703216,0,0,0
9/16/2026 11:39:37 AM,-0.4775000214576721,-0.004500000067055227,0,0,0
9/16/2026 11:39:38 AM,-0.46320002019405365,-0.05000000074505807,0,0,0
9/16/2026 11:39:39 AM,-0.44545002222061164,0.025000000372529033,0,0,0
9/16/2026 11:39:40 AM,-0.44000001251697546,-0.03850000090897084,0,0,0
9/16/2026 11:39:41 AM,-0.4395500129461289,-0.05250000230967999,0,0,0
9/16/2026 11:39:42 AM,-0.4316000205278397,0.06150000091642142,0,0,0
9/16/2026 11:39:43 AM,-0.4307000160217286,-0.020500000305473803,0,0,0
9/16/2026 11:39:44 AM,-0.4118000000715256,-0.004500000067055226,0,0,0
9/16/2026 11:39:45 AM,-0.44000002741813665,0.00900000013411045,0,0,0
9/16/2026 11:39:46 AM,-0.43160002052783975,-0.050000002607703216,0,0,0
9/16/2026 11:39:47 AM,-0.3880000177025796,0.2905000003054739,0,0,0
9/16/2026 11:39:48 AM,-0.11025000765919687,1.2550000003725292,0,0,0
9/16/2026 11:39:49 AM,-0.09570000052452088,0,0,0,0
9/16/2026 11:39:50 AM,-0.08160000346601011,0.004500000067055226,0,0,0
9/16/2026 11:39:51 AM,-0.0650000050663948,0.025000000372529033,0,0,0
9/16/2026 11:39:52 AM,-0.06160000357776881,0.011500000171363354,0,0,0
9/16/2026 11:39:53 AM,-0.04750000312924386,-0.12300000183284283,0,0,0
9/16/2026 11:39:54 AM,-0.040700002014637,0.1320000019669533,0,0,0
9/16/2026 11:39:55 AM,-0.03795000173151493,0.03400000050663949,0,0,0
9/16/2026 11:39:56 AM,-0.038200002703815704,0.04100000061094761,0,0,0
9/16/2026 11:39:57 AM,-0.08920000379905106,0.020500000305473807,0,0,0
9/16/2026 11:39:58 AM,-0.13025000348687174,0.00900000013411045,0,0,0
9/16/2026 11:39:59 AM,-0.11320000685751438,-0.0385000005736947,0,0,0
9/16/2026 11:40:00 AM,-0.10410001046955586,-0.04100000061094761,0,0,0
9/16/2026 11:40:01 AM,-0.10045000545680524,-0.03400000050663949,0,0,0
9/16/2026 11:40:02 AM,-0.09365000247955324,-0.06600000098347665,0,0,0
9/16/2026 11:40:03 AM,-0.08795000247657299,0.020500000305473807,0,0,0
9/16/2026 11:40:04 AM,-0.08275000475347043,-0.01600000023841858,0,0,0
9/16/2026 11:40:05 AM,-0.07250000536441804,0.07050000105053188,0,0,0
9/16/2026 11:40:06 AM,-0.07115000497549774,-0.07500000298023225,0,0,0
9/16/2026 11:40:07 AM,-0.049550000838935376,0.07500000298023225,0,0,0
9/16/2026 11:40:08 AM,-0.03545000098645688,-0.059000000879168506,0,0,0
9/16/2026 11:40:09 AM,-0.04795000150799752,0.03400000236928464,0,0,0
9/16/2026 11:40:10 AM,-0.04525000292807818,0,0,0,0
9/16/2026 11:40:11 AM,-0.018200000906363128,0.04550000067800284,0,0,0
9/16/2026 11:40:12 AM,-0.015450001051649452,-0.07050000105053188,0,0,0
9/16/2026 11:40:13 AM,-0.011600000630132857,-0.013500000536441802,0,0,0
9/16/2026 11:40:14 AM,0.01270000007469207,-0.06150000244379043,0,0,0
9/16/2026 11:40:15 AM,0.02500000037252903,-0.025000000372529033,0,0,0
9/16/2026 11:40:16 AM,0.033400001581758265,-0.01149999983608723,0,0,0
9/16/2026 11:40:17 AM,0.036350000202655795,0.06150000244379043,0,0,0
9/16/2026 11:40:18 AM,0.052500002086162574,-0.03650000020861626,0,0,0
9/16/2026 11:40:19 AM,0.06680000316351653,0.10250000305473805,0,0,0
9/16/2026 11:40:20 AM,0.07045000053942203,-0.06600000098347665,0,0,0
9/16/2026 11:40:21 AM,0.08205000303685667,-0.11149999946355821,0,0,0
9/16/2026 11:40:22 AM,0.08000000193715096,0.03650000207126141,0,0,0
9/16/2026 11:40:23 AM,0.07590000346302986,-0.05450000081211329,0,0,0
9/16/2026 11:40:24 AM,0.08115000322461129,-0.006999999769032002,0,0,0
9/16/2026 11:40:25 AM,0.08225000180304053,0.04550000220537186,0,0,0
9/16/2026 11:40:26 AM,0.0968000028282404,-0.0180000002682209,0,0,0
9/16/2026 11:40:27 AM,0.11795000299811365,-0.01600000023841858,0,0,0
9/16/2026 11:40:28 AM,0.12750000134110454,0.004500000067055226,0,0,0
9/16/2026 11:40:29 AM,0.12225000090897083,0.011500000171363354,0,0,0
9/16/2026 11:40:30 AM,0.14590000376105305,-0.0070000001043081265,0,0,0
9/16/2026 11:40:31 AM,0.15090000644326212,0.11600000359117986,0,0,0
9/16/2026 11:40:32 AM,0.1613500100374222,-0.025000000372529033,0,0,0
9/16/2026 11:40:33 AM,0.1733999998867512,-0.03650000020861626,0,0,0
9/16/2026 11:40:34 AM,0.18545000195503236,0.08650000281631948,0,0,0
9/16/2026 11:40:35 AM,0.18954999804496764,-0.05000000074505807,0,0,0
9/16/2026 11:40:36 AM,0.19295000225305559,0,0,0,0
9/16/2026 11:40:37 AM,0.20610000863671304,-0.03850000090897084,0,0,0
9/16/2026 11:40:38 AM,0.09520000177435577,-0.06150000244379043,0,0,0
9/16/2026 11:40:39 AM,0.011350000677630307,0.004500000067055226,0,0,0
9/16/2026 11:40:40 AM,0.02295000096783042,0.01600000023841858,0,0,0
9/16/2026 11:40:41 AM,0.0397500016912818,-0.038500000573694716,0,0,0
9/16/2026 11:40:42 AM,0.054550003185868265,-0.011499998308718203,0,0,0
9/16/2026 11:40:43 AM,0.05045000098645687,0.004500000067055227,0,0,0
9/16/2026 11:40:44 AM,0.07975000265985728,0.004500000067055226,0,0,0
9/16/2026 11:40:45 AM,0.08295000284910202,0.025000000372529033,0,0,0
9/16/2026 11:40:46 AM,0.09725000679492952,-0.09999999962747098,0,0,0
9/16/2026 11:40:47 AM,-0.39445003516972066,0.1435000051930547,0,0,0
9/16/2026 11:40:48 AM,-0.8605000543594362,0.2975000069662929,0,0,0
9/16/2026 11:40:49 AM,-0.8884000065922738,-0.14200000245124103,0,0,0
9/16/2026 11:40:50 AM,-0.9403000018000603,-0.4774995863437646,0,0,0
9/16/2026 11:40:51 AM,-2.2443000662326815,-30.212499374598266,0,0,0
9/16/2026 11:40:52 AM,-1.2647000408172608,0.11850000515580178,0,0,0
9/16/2026 11:40:53 AM,-0.9775000214576722,-0.08200000122189521,0,0,0
9/16/2026 11:40:54 AM,-0.9558499962091447,-0.07200000107288361,0,0,0
9/16/2026 11:40:55 AM,-0.6513500130176544,0.592500006966293,0,0,0
9/16/2026 11:40:56 AM,-0.45290001392364504,-0.5660000121593477,0,0,0
9/16/2026 11:40:57 AM,-0.2681000052392483,-2.579499904327095,0,0,0
9/16/2026 11:40:58 AM,-0.18864999756217005,-0.025000000372529033,1.9849500274658203,10.759500274658203,0.0008999999798834324
9/16/2026 11:40:59 AM,-0.18635000243782998,0.0840000031143427,20.07005027770996,108.79050277709962,0.00909999979659915
9/16/2026 11:41:00 AM,-0.20154999807476998,8.690999619141223,0,0,0
9/16/2026 11:41:01 AM,-0.25365001142024995,0,0,0,0
9/16/2026 11:41:02 AM,-0.23090001076459887,0.03400000050663949,0,0,0
9/16/2026 11:41:03 AM,-0.23365000680089,0.04100000061094761,0,0,0
9/16/2026 11:41:04 AM,-0.23025000870227813,0,0,0,0
9/16/2026 11:41:05 AM,-0.20634999960660935,-0.020500000305473807,0,0,0
9/16/2026 11:41:06 AM,-0.20480000928044323,-0.0635000028088689,0,0,0
9/16/2026 11:41:07 AM,-0.18954999804496764,-0.04100000061094761,0,0,0
9/16/2026 11:41:08 AM,-0.182050005197525,-0.013500000536441802,0,0,0
9/16/2026 11:41:09 AM,-0.18750000745058062,-0.11850000515580178,0,0,0
9/16/2026 11:41:10 AM,-0.1786500070989132,0.09100000135600568,0,0,0
9/16/2026 11:41:11 AM,-0.16500000655651093,0.07250000007450581,0,0,0
9/16/2026 11:41:12 AM,-0.15775001078844073,0.12249999672174455,0,0,0
9/16/2026 11:41:13 AM,-0.14795000925660134,0.22550000946968796,0,0,0
9/16/2026 11:41:14 AM,-0.1370500095188618,-0.004500000067055227,0,0,0
9/16/2026 11:41:15 AM,-0.15410000205039978,-0.05450000081211329,0,0,0
9/16/2026 11:41:16 AM,-0.1320500068366528,-0.011500000171363354,0,0,0
9/16/2026 11:41:17 AM,-0.1165500009059906,0.009500001147389416,0,0,0
9/16/2026 11:41:18 AM,-0.8945000319182873,-9.61599980682135,0,0,0
9/16/2026 11:41:19 AM,-0.4500000327825547,-0.038999998718500135,0,0,0
9/16/2026 11:41:20 AM,-0.45690001547336584,0.336500008404255,0,0,0
9/16/2026 11:41:21 AM,-0.37590000182390215,0.0955000014230609,0,0,0
9/16/2026 11:41:22 AM,-0.37910000830888757,8.673617379884037E-19,0,0,0
9/16/2026 11:41:23 AM,-0.38649999976158145,-0.24200000394135715,0,0,0
9/16/2026 11:41:24 AM,-0.4761500051617623,-0.6625000113993883,0,0,0
9/16/2026 11:41:25 AM,-0.4672500041127205,-0.04800000071525574,0,0,0
9/16/2026 11:41:26 AM,-0.4718500092625618,0.15250000413507225,0,0,0
9/16/2026 11:41:27 AM,-0.4482000169157982,0.1409999961778522,0,0,0
9/16/2026 11:41:28 AM,-0.4475000053644181,-0.01799999892711639,0,0,0
9/16/2026 11:41:29 AM,-0.4475000053644181,0.036500011384487156,0,0,0
9/16/2026 11:41:30 AM,-0.44590000957250603,-0.1844999996945262,0,0,0
9/16/2026 11:41:31 AM,-0.419550017118454,-0.15000000037252906,0,0,0
9/16/2026 11:41:32 AM,-0.42365001052618034,0.2705000114813447,0,0,0
9/16/2026 11:41:33 AM,-0.4037000092864037,0.03250000320374966,0,0,0
9/16/2026 11:41:34 AM,-0.3682000064849854,-0.4570000083744526,0,0,0
9/16/2026 11:41:35 AM,-0.362000002861023,-0.2399999888241291,0,0,0
9/16/2026 11:41:36 AM,-0.3673000019788742,0.3845000103116036,0,0,0
9/16/2026 11:41:37 AM,-0.3576999920606613,-0.08149999748915436,0,0,0
9/16/2026 11:41:38 AM,-0.383400006890297,0.04049999993294478,0,0,0
9/16/2026 11:41:39 AM,-0.39090001732110985,0.20900000140070915,0,0,0
9/16/2026 11:41:40 AM,-0.40005002766847614,0.4585000112652779,0,0,0
9/16/2026 11:41:41 AM,-0.3718000057339669,0.18549998700618742,0,0,0
9/16/2026 11:41:42 AM,-0.35684999972581866,-0.20250000793486836,0,0,0
9/16/2026 11:41:43 AM,-0.32615001678466793,0.34749999400228265,0,0,0
9/16/2026 11:41:44 AM,-0.341100005209446,0.14600000217556952,0,0,0
9/16/2026 11:41:45 AM,-0.41770001590251926,-0.13150000244379045,0,0,0
9/16/2026 11:41:46 AM,-0.6659000205993653,0.7670000010728836,0,0,0
9/16/2026 11:41:47 AM,-0.646850033402443,0.012000001370906807,0,0,0
9/16/2026 11:41:48 AM,-0.6345500206947328,-0.10000000335276128,0,0,0
9/16/2026 11:41:49 AM,-0.6050000190734864,0.18800000160932542,0,0,0
9/16/2026 11:41:50 AM,-0.6088500154018404,-0.02650000512599948,0,0,0
9/16/2026 11:41:51 AM,-0.629050001502037,-0.0760000041872263,0,0,0
9/16/2026 11:41:52 AM,-0.6482000374794007,0.7505000108480453,0,0,0
9/16/2026 11:41:53 AM,-0.6243500250577927,0.03300000466406345,0,0,0
9/16/2026 11:41:54 AM,-0.5551000046730042,-0.46049998342990883,0,0,0
9/16/2026 11:41:55 AM,-0.22735000744462017,0.32650000214576724,0,0,0
9/16/2026 11:41:56 AM,-0.19215000674128538,1.0445000096410515,0,0,0
9/16/2026 11:41:57 AM,-0.6024000322818758,-0.4599999973922969,0,0,0
9/16/2026 11:41:58 AM,-0.30080001133494083,-0.9039999365806581,0,0,0
9/16/2026 11:41:59 AM,-0.6075500243902207,2.698500104546547,0,0,0
9/16/2026 11:42:00 AM,-0.717450014948845,1.6100000119209292,0,0,0
9/16/2026 11:42:01 AM,-0.35030001729726795,3.879500019550324,0,0,0
9/16/2026 11:42:02 AM,-0.9927999961376192,0.2864999437332155,0,0,0
9/16/2026 11:42:03 AM,-0.7061000061035158,5.017999978065491,0,0,0
9/16/2026 11:42:04 AM,-0.48785003364086155,-0.12399980068206808,0,0,0
9/16/2026 11:42:05 AM,-0.1785000014305115,1.2070001649856565,0,0,0
9/16/2026 11:42:06 AM,0.19109998002648357,13.652000398635865,0,0,0
9/16/2026 11:42:07 AM,-0.5926999957859518,0.6315000867843626,0,0,0
9/16/2026 11:42:08 AM,-0.06945000410079955,-1.7020000171661378,0,0,0
9/16/2026 11:42:09 AM,-0.9043500232696534,-2.3305000889301306,0,0,0
9/16/2026 11:42:10 AM,-0.7078000330924988,2.9175000464916234,0,0,0
9/16/2026 11:42:11 AM,-2.156700127720833,6.162000117301941,0.5080499982833863,3.7530000686645506,0.0008999999798834324
9/16/2026 11:42:12 AM,-0.9220499950647355,-2.5385002732276924,5.136949982643127,37.947000694274905,0.00909999979659915
9/16/2026 11:42:13 AM,-0.92040005505085,1.7530000281333926,0,0,0
9/16/2026 11:42:14 AM,-1.004600084424019,4.691500039100648,0,0,0
9/16/2026 11:42:15 AM,-0.6663000515103341,-0.7445000338554384,0,0,0
9/16/2026 11:42:16 AM,-0.41875007390975955,-0.21850009918212945,0,0,0
9/16/2026 11:42:17 AM,-1.1248001027107242,-3.3095001697540285,0,0,0
9/16/2026 11:42:18 AM,-1.4332500129938126,13.770500268936157,0,0,0
9/16/2026 11:42:19 AM,-1.4478999853134156,-5.00249983072281,0,0,0
9/16/2026 11:42:20 AM,-1.6476001197099686,-9.795000002384187,0,0,0
9/16/2026 11:42:21 AM,-2.166300176978112,-6.867000112533569,0,0,0
9/16/2026 11:42:22 AM,-0.08115005612373348,-4.800999965667725,0,0,0
9/16/2026 11:42:23 AM,0.20639999598264694,-11.902999687194825,0,0,0
9/16/2026 11:42:24 AM,-1.5199000298976901,11.389999713897707,0,0,0
9/16/2026 11:42:25 AM,-1.2087000536918642,-10.320500252842905,0.7492500686645508,5.0760001373291015,0.0008999999798834324
9/16/2026 11:42:26 AM,-1.0089000549912455,-3.616000264286996,7.575750694274903,51.3240013885498,0.00909999979659915
9/16/2026 11:42:27 AM,0.3172500112652779,14.00299997329712,0,0,0
9/16/2026 11:42:28 AM,-0.7183000379800798,-2.273999996185303,0,0,0
9/16/2026 11:42:29 AM,-1.3520000648498538,0.657999993339181,0,0,0
9/16/2026 11:42:30 AM,-1.5659500455856326,-0.09399999938905242,0,0,0
9/16/2026 11:42:31 AM,-1.175900000333786,-1.0529999989271166,0,0,0
9/16/2026 11:42:32 AM,-1.3066000485420228,-0.5844999958574774,0,0,0
9/16/2026 11:42:33 AM,-1.774250047206879,-1.1685000006109478,0,0,0
9/16/2026 11:42:34 AM,-1.825250096321106,0.16850000657141212,0,0,0
9/16/2026 11:42:35 AM,-1.7973000633716585,-0.32950000405311586,0,0,0
9/16/2026 11:42:36 AM,-1.7707000505924226,-0.2660000051558018,0,0,0
9/16/2026 11:42:37 AM,-1.7958500754833224,-0.04800000071525574,0,0,0
9/16/2026 11:42:38 AM,-1.8152500569820404,0.0750000011175871,0,0,0
9/16/2026 11:42:39 AM,-1.804550077915192,0.2369999984651804,0,0,0
9/16/2026 11:42:40 AM,-1.8125001192092896,-0.1665000067278743,0,0,0
9/16/2026 11:42:41 AM,-1.8100000619888306,0.1705000062659383,0,0,0
9/16/2026 11:42:42 AM,-1.7984000515937806,0.07750000149011614,0,0,0
9/16/2026 11:42:43 AM,-1.8241000103950502,-0.2660000064969063,0,0,0
9/16/2026 11:42:44 AM,-1.8050001859664917,-0.07500000298023225,0,0,0
9/16/2026 11:42:45 AM,-1.7927501273155213,-0.0025000015646219273,0,0,0
9/16/2026 11:42:46 AM,-1.7879500830173494,0.06150000091642142,0,0,0
9/16/2026 11:42:47 AM,-1.8794500875473024,0.01350000020116568,0,0,0
9/16/2026 11:42:48 AM,-2.137050037384033,0.07050000105053186,0,0,0
9/16/2026 11:42:49 AM,-1.987700049877167,-0.5499999877065421,0,0,0
9/16/2026 11:42:50 AM,-1.9045500421524049,-0.025000000372529033,0,0,0
9/16/2026 11:42:51 AM,-1.8986500370502473,0.09100000321865083,0,0,0
9/16/2026 11:42:52 AM,-1.89410010099411,0.04100000213831664,0,0,0
9/16/2026 11:42:53 AM,-1.8182500433921815,-0.28400000542402276,0,0,0
9/16/2026 11:42:54 AM,-1.610550073385239,0.05850000053644182,0,0,0
9/16/2026 11:42:55 AM,-1.9301501131057741,2.1420000681281093,0,0,0
9/16/2026 11:42:56 AM,-2.3936501801013947,10.006000315919518,0,0,0
9/16/2026 11:42:57 AM,-1.2432000064849855,0.13650000203400853,0,0,0
9/16/2026 11:42:58 AM,-7.085350161790848,0.9594999996945263,0,0,0
9/16/2026 11:42:59 AM,-1.851600071191788,4.058500006496907,0,0,0
9/16/2026 11:43:00 AM,-1.8652000093460084,0.13650000542402269,0,0,0
9/16/2026 11:43:01 AM,-1.8797999954223634,0,0,0,0
9/16/2026 11:43:02 AM,-1.8702000045776368,-0.10000000149011613,0,0,0
9/16/2026 11:43:03 AM,-1.8809500646591188,-0.009000000134110451,0,0,0
9/16/2026 11:43:04 AM,-1.8502000725269319,-0.011500000171363354,4.997300157546997,136.4670018005371,0.0058999998681247235
9/16/2026 11:43:05 AM,-1.871150063276291,0.04100000061094761,3.4727001094818113,94.8330012512207,0.0040999999083578586
9/16/2026 11:43:06 AM,-1.851600081920624,-0.05000000074505806,0,0,0
9/16/2026 11:43:07 AM,-1.8361500370502475,-0.09100000321865083,0,0,0
9/16/2026 11:43:08 AM,-1.8506500339508059,0.20449999745935205,0,0,0
9/16/2026 11:43:09 AM,-1.872950050830841,0.0750000011175871,0,0,0
9/16/2026 11:43:10 AM,-1.8748000705242158,0.029500000774860383,0,0,0
9/16/2026 11:43:11 AM,-1.8547500789165499,0.12500000372529033,0,0,0
9/16/2026 11:43:12 AM,-1.8686501252651215,0.07500000298023225,0,0,0
9/16/2026 11:43:13 AM,-1.8588500750064851,0.06150000244379043,0,0,0
9/16/2026 11:43:14 AM,-1.8443500781059268,-0.018000000268220902,0,0,0
9/16/2026 11:43:15 AM,-1.8538500797748567,-0.08200000122189521,0,0,0
9/16/2026 11:43:16 AM,-1.870650074481964,0.059000000879168506,0,0,0
9/16/2026 11:43:17 AM,-1.9741501104831698,-2.4045000676810746,0,0,0
9/16/2026 11:43:18 AM,-1.9352001011371616,-11.288500313311816,0,0,0
9/16/2026 11:43:19 AM,-1.3439000296592714,-0.05450000114738942,0,0,0
9/16/2026 11:43:20 AM,-1.106400045156479,-0.7614999905228615,0,0,0
9/16/2026 11:43:21 AM,-1.0222499787807464,0.03850000090897084,0,0,0
9/16/2026 11:43:22 AM,-1.0488500237464906,0.11600000325590373,0,0,0
9/16/2026 11:43:23 AM,-1.0770000457763673,-8.673617379884037E-19,0,0,0
9/16/2026 11:43:24 AM,-1.094550029039383,0.01600000023841858,0,0,0
9/16/2026 11:43:25 AM,-1.1207500255107878,-1.258000000305474,0,0,0
9/16/2026 11:43:26 AM,-1.2997500717639925,-5.637499999999999,3.2420499324798584,25.87150135040283,0.0058999998681247235
9/16/2026 11:43:27 AM,-1.3059000658988953,0.0840000031143427,2.2529499530792236,17.978500938415525,0.0040999999083578586
9/16/2026 11:43:28 AM,-1.3206500518321993,0.04100000061094761,0,0,0
9/16/2026 11:43:29 AM,-1.328900043964386,-0.025000000372529033,0,0,0
9/16/2026 11:43:30 AM,-1.3259000468254092,0.05649999983608723,0,0,0
9/16/2026 11:43:31 AM,-1.3034000682830813,0.13899999748915437,0,0,0
9/16/2026 11:43:32 AM,-1.337500035762787,-0.06600000098347665,0,0,0
9/16/2026 11:43:33 AM,-1.3325000405311587,-0.004500000067055227,0,0,0
9/16/2026 11:43:34 AM,-1.3393000340461734,0,0,0,0
9/16/2026 11:43:35 AM,-1.3350000381469729,0.036000000536441805,0,0,0
9/16/2026 11:43:36 AM,-1.296700021028519,-0.39499998897314076,0,0,0
9/16/2026 11:43:37 AM,1.4773000669479373,-25.15999990940094,0,0,0
9/16/2026 11:43:38 AM,-5.389400245845318,-15.228499765396121,0,0,0
9/16/2026 11:43:39 AM,0.34884996682405484,-32.661500034332285,0,0,0
9/16/2026 11:43:40 AM,-7.720050215721131,3.5384996318817135,0,0,0
9/16/2026 11:43:41 AM,-6.649150300025941,27.086498126983646,0,0,0
9/16/2026 11:43:42 AM,-7.560650339126588,-12.812500381469729,0,0,0
9/16/2026 11:43:43 AM,-3.8650502312183384,-16.927500019073488,0,0,0
9/16/2026 11:43:44 AM,28.096101211309435,-80.82049659729005,0,0,0
9/16/2026 11:43:45 AM,117.75605369567872,-175.2940073204041,104.70140396118164,370.01851440429687,1.1666538000106812
9/16/2026 11:43:46 AM,169.53415802001956,-14.868499843329191,72.75860275268555,257.13151000976563,0.8107255220413208
9/16/2026 11:43:47 AM,125.61380477905274,25.53699847534299,0,0,0
9/16/2026 11:43:48 AM,146.9820024108887,-32.78950008392334,0,0,0
9/16/2026 11:43:49 AM,159.95270324707033,-105.33400207519533,0,0,0
9/16/2026 11:43:50 AM,202.18685028076175,60.671999435424816,0,0,0
9/16/2026 11:43:51 AM,247.02615722656253,-15.99399833679199,0,0,0
9/16/2026 11:43:52 AM,179.40145645141604,-19.399500274658212,0,0,0
9/16/2026 11:43:53 AM,167.97679794311526,-44.68600250244141,0,0,0
9/16/2026 11:43:54 AM,140.1766543579102,192.58750249385835,0,0,0
9/16/2026 11:43:55 AM,138.65135192871097,-17.369500489234927,0,0,0
9/16/2026 11:43:56 AM,176.45596130371095,95.48500606536867,0,0,0
9/16/2026 11:43:57 AM,169.86759750366213,7.971499776840216,0,0,0
9/16/2026 11:43:58 AM,158.2937031555176,-15.53300002217293,0,0,0
9/16/2026 11:43:59 AM,173.19920883178713,-53.9405012512207,13.190401153564453,67.6305010986328,0.05558309018611908
9/16/2026 11:44:00 AM,168.20159805297854,68.35949958801271,133.36961166381838,683.8195111083985,0.5620068007707596
9/16/2026 11:44:01 AM,146.07625305175785,-84.67750259399415,0,0,0
9/16/2026 11:44:02 AM,172.25255187988284,-198.74350708007816,0,0,0
9/16/2026 11:44:03 AM,194.55101196289064,48.997996177673336,0,0,0
9/16/2026 11:44:04 AM,173.1951048278809,-99.03049655914309,0,0,0
9/16/2026 11:44:05 AM,148.98620559692384,-172.32250381469728,0,0,0
9/16/2026 11:44:06 AM,165.39621063232426,-265.0825045776367,0,0,0
9/16/2026 11:44:07 AM,143.5263066864014,-44.59200637817384,0,0,0
9/16/2026 11:44:08 AM,131.36310111999515,-166.37950195312501,0,0,0
9/16/2026 11:44:09 AM,136.027204284668,0.21600135803222645,0,0,0
9/16/2026 11:44:10 AM,152.0959453582764,-111.37800201416017,0,0,0
9/16/2026 11:44:11 AM,136.5389061737061,-144.07749961853028,0,0,0
9/16/2026 11:44:12 AM,147.07255310058596,-2.8870002079010004,0,0,0
9/16/2026 11:44:13 AM,141.39696182250978,3.4269999098777775,11.232450714111328,100.30050659179688,0.016259872913360594
9/16/2026 11:44:14 AM,142.3705601501465,8.235000000000001,113.57255722045899,1014.1495666503906,0.16440538167953492
9/16/2026 11:44:15 AM,144.45695747375493,41.07999985694885,0,0,0
9/16/2026 11:44:16 AM,122.20634910583497,23.935500173568723,0,0,0
9/16/2026 11:44:17 AM,106.07690162658693,11.038999748229983,0,0,0
9/16/2026 11:44:18 AM,60.87090282440186,3.0709999990463257,0,0,0
9/16/2026 11:44:19 AM,23.120549955368045,35.75449953079225,0,0,0
9/16/2026 11:44:20 AM,43.24650018692017,-137.1045010375977,0,0,0
9/16/2026 11:44:21 AM,9.778850474357606,-54.55200298309327,0,0,0
9/16/2026 11:44:22 AM,37.361301803588866,-7.3870005655288695,0,0,0
9/16/2026 11:44:23 AM,40.203802185058606,3.404500107765198,0,0,0
9/16/2026 11:44:24 AM,22.975150985717775,20.555000581741336,0,0,0
9/16/2026 11:44:25 AM,15.220350799560547,33.94200017929078,0,0,0
9/16/2026 11:44:26 AM,66.93490491867067,-520.600482788086,0,0,0
9/16/2026 11:44:27 AM,16.3282007598877,-69.16950027465822,11.271600494384765,122.01299560546875,0.016493186205625534
9/16/2026 11:44:28 AM,17.67450074195862,-40.80300129890442,113.9684049987793,1233.6869555664064,0.16676443830132484
9/16/2026 11:44:29 AM,12.047000296115877,-2.5194998359680176,0,0,0
9/16/2026 11:44:30 AM,4.774100344181062,3.5020003128051758,0,0,0
9/16/2026 11:44:31 AM,10.585600109100344,-2.152500047683716,0,0,0
9/16/2026 11:44:32 AM,14.672650995254518,-2.831000108718873,0,0,0
9/16/2026 11:44:33 AM,12.585551018714908,5.909000225067139,0,0,0
9/16/2026 11:44:34 AM,7.278600134849548,11.961000291109086,0,0,0
9/16/2026 11:44:35 AM,9.363850297927858,2.3270001661777506,0,0,0
9/16/2026 11:44:36 AM,17.953000907897952,-5.418500251770019,0,0,0
9/16/2026 11:44:37 AM,12.913500990867616,11.36199961423874,0,0,0
9/16/2026 11:44:38 AM,7.478850274086,-3.2355001711845404,0,0,0
9/16/2026 11:44:39 AM,9.359549970626832,0.059499945640563885,0,0,0
9/16/2026 11:44:40 AM,10.398000173568727,8.660000238418581,0,0,0
9/16/2026 11:44:41 AM,10.815800418853762,1.7560001039505002,1.1051999759674072,5.269500274658203,0.0008999999798834324
9/16/2026 11:44:42 AM,5.9413004183769225,-17.972500689029697,11.174799757003784,53.28050277709961,0.00909999979659915
9/16/2026 11:44:43 AM,-2.534800097942353,-0.5525000178813936,0,0,0
9/16/2026 11:44:44 AM,2.6513000941276554,-0.09200004339218135,0,0,0
9/16/2026 11:44:45 AM,1.605100009441376,4.542500095367433,0,0,0
9/16/2026 11:44:46 AM,-4.849550344944001,7.951000093221666,0,0,0
9/16/2026 11:44:47 AM,-11.965750341415408,3.041000038981438,0,0,0
9/16/2026 11:44:48 AM,-15.277100820541383,-0.7274999886751177,0,0,0
9/16/2026 11:44:49 AM,-15.01825053215027,3.280000025033951,0,0,0
9/16/2026 11:44:50 AM,4.506849946975709,104.04000143766405,0,0,0
9/16/2026 11:44:51 AM,50.863900947570805,-34.26449954986573,0,0,0
9/16/2026 11:44:52 AM,43.166352386474614,1.7180000108480455,0,0,0
9/16/2026 11:44:53 AM,38.34100292205811,0.48199999511241925,0,0,0
9/16/2026 11:44:54 AM,33.51075016021729,-0.5599999821186066,0,0,0
9/16/2026 11:44:55 AM,32.45674999237061,-1.1450000059604648,0,0,0
9/16/2026 11:44:56 AM,31.037050800323488,-1.7985000085830694,0,0,0
9/16/2026 11:44:57 AM,29.658901233673095,1.9839999479055404,42.54195198059082,233.9940036010742,0.0058999998681247235
9/16/2026 11:44:58 AM,30.417150783538823,-11.58099973022938,29.56305137634277,162.60600250244138,0.0040999999083578586
9/16/2026 11:44:59 AM,56.18685337066651,-42.92299888610841,0,0,0
9/16/2026 11:45:00 AM,66.30160144805909,-18.342500972747803,0,0,0
9/16/2026 11:45:01 AM,40.17285127639771,29.064499391317373,0,0,0
9/16/2026 11:45:02 AM,26.207902183532717,-0.5075000417232512,0,0,0
9/16/2026 11:45:03 AM,26.31320236206055,1.0304999983310703,0,0,0
9/16/2026 11:45:04 AM,26.646001567840578,-1.9164999663829807,0,0,0
9/16/2026 11:45:05 AM,26.824401283264162,-0.7544999897480011,0,0,0
9/16/2026 11:45:06 AM,36.63710147857666,-14.504999866485596,0,0,0
9/16/2026 11:45:07 AM,13.017499847412108,70.59400100708008,0,0,0
9/16/2026 11:45:08 AM,-9.215400218963621,33.25750061035156,0,0,0
9/16/2026 11:45:09 AM,-0.3949499893188478,-16.38200031280518,0,0,0
9/16/2026 11:45:10 AM,-22.41835046768189,58.799498405456546,0,0,0
9/16/2026 11:45:11 AM,-19.536551151275642,-20.68000011444092,0,0,0
9/16/2026 11:45:12 AM,-17.62625110626221,-0.48749993801117036,0,0,0
9/16/2026 11:45:13 AM,-5.787550398260354,-6.345000324249267,0,0,0
9/16/2026 11:45:14 AM,-1.3507500737905502,1.1839999663829803,49.09095108032226,127.85300720214843,0.0058999998681247235
9/16/2026 11:45:15 AM,-2.329100151062012,-14.725000162124633,34.11405075073242,88.8470050048828,0.0040999999083578586
9/16/2026 11:45:16 AM,-2.6347001695632937,-3.8170000344514845,0,0,0
9/16/2026 11:45:17 AM,-3.5563001537323,-0.487999985218048,0,0,0
9/16/2026 11:45:18 AM,-4.420500116348267,1.272000036239624,0,0,0
9/16/2026 11:45:19 AM,-4.886500129699707,1.5840000078827143,0,0,0
9/16/2026 11:45:20 AM,-4.951100130081176,3.9920001298189165,0,0,0
9/16/2026 11:45:21 AM,-3.9943999910354613,-3.680000162124634,0,0,0
9/16/2026 11:45:22 AM,-4.330799980163574,-6.298000138998033,0,0,0
9/16/2026 11:45:23 AM,-4.658300290107727,-9.019000110626221,0,0,0
9/16/2026 11:45:24 AM,-3.937000207901001,1.5799999713897708,0,0,0
9/16/2026 11:45:25 AM,26.178601422309875,-45.759001388549805,0,0,0
9/16/2026 11:45:26 AM,133.02230377197264,-73.4260019493103,0,0,0
9/16/2026 11:45:27 AM,142.71740814208985,-14.508999938964845,0,0,0
9/16/2026 11:45:28 AM,144.98470092773437,-0.6690000152587894,14.098050384521484,51.36300109863281,0.10222742915153503
9/16/2026 11:45:29 AM,142.3979977416992,-1.1130000066757204,142.54695388793945,519.3370111083984,1.0336328947544098
9/16/2026 11:45:30 AM,138.46970397949218,1.7960001373291012,0,0,0
9/16/2026 11:45:31 AM,134.2447055053711,1.4689998626708984,0,0,0
9/16/2026 11:45:32 AM,137.9716116333008,6.794999504089355,0,0,0
9/16/2026 11:45:33 AM,141.16591247558594,1.0399998211860657,0,0,0
9/16/2026 11:45:34 AM,140.2965023803711,3.7559998416900635,0,0,0
9/16/2026 11:45:35 AM,141.2989047241211,1.3799999380111694,0,0,0
9/16/2026 11:45:36 AM,142.1584051513672,2.20900004863739,0,0,0
9/16/2026 11:45:37 AM,137.59570861816405,1.0770000076293946,0,0,0
9/16/2026 11:45:38 AM,106.12320434570313,110.38200019836427,0,0,0
9/16/2026 11:45:39 AM,8.425699997395277,82.60400081157685,0,0,0
9/16/2026 11:45:40 AM,-1.420600051879883,2.4309999752044678,0,0,0
9/16/2026 11:45:41 AM,-1.835300076007843,0.9039999556541443,0,0,0
9/16/2026 11:45:42 AM,-1.328300061225891,-0.18100000917911524,0,0,0
9/16/2026 11:45:43 AM,-1.0207000172138214,-0.3279999967664481,13.203450164794921,43.92,0.05649363040924072
9/16/2026 11:45:44 AM,0.3368000258505345,-1.6960000443458558,133.50155166625976,444.08000000000004,0.5712133741378784
9/16/2026 11:45:45 AM,-13.286000308990479,38.370000000000005,0,0,0
9/16/2026 11:45:46 AM,-27.621600761413575,-20.391999568939205,0,0,0
9/16/2026 11:45:47 AM,-27.533900527954103,-0.2889999684691429,0,0,0
9/16/2026 11:45:48 AM,-26.573699951171875,0.36600003242492674,0,0,0
9/16/2026 11:45:49 AM,-25.73460136413574,-0.24999999716877935,0,0,0
9/16/2026 11:45:50 AM,-25.451700172424317,-0.10200000151991845,0,0,0
9/16/2026 11:45:51 AM,-25.33810096740723,-0.33899998351931576,0,0,0
9/16/2026 11:45:52 AM,-24.901101112365723,-0.1599999922513962,0,0,0
9/16/2026 11:45:53 AM,-23.930200958251955,-9.90100026026368,0,0,0
9/16/2026 11:45:54 AM,-28.673300285339355,-3.1990001392364507,0,0,0
9/16/2026 11:45:55 AM,-25.723700561523437,-4.140000014305115,0,0,0
9/16/2026 11:45:56 AM,-22.86500087738037,-4.1769999456405635,0,0,0
9/16/2026 11:45:57 AM,-21.345200271606444,-1.225000011473894,0,0,0
9/16/2026 11:45:58 AM,-20.15370044708252,-4.785000129565597,0,0,0
9/16/2026 11:45:59 AM,-14.716700592041015,-8.206999895572663,0,0,0
9/16/2026 11:46:00 AM,-7.93910005569458,-3.361999933421612,0,0,0
9/16/2026 11:46:01 AM,-6.691199979782105,-0.06099999606609345,1.9863001441955566,13.810501098632812,0.0008999999798834324
9/16/2026 11:46:02 AM,-6.2536001300811765,-1.1119999790191653,9.048700656890869,62.914505004882805,0.0040999999083578586
9/16/2026 11:46:03 AM,-5.990500326156617,-0.43800000309944154,0,0,0
9/16/2026 11:46:04 AM,-6.041800079345704,0.2540000069141388,0,0,0
9/16/2026 11:46:05 AM,-6.23120008468628,-0.3219999808073044,0,0,0
9/16/2026 11:46:06 AM,-6.724100379943848,0.420000024586916,0,0,0
9/16/2026 11:46:07 AM,-5.720100154876709,-1.1679999923706057,0,0,0
9/16/2026 11:46:08 AM,-5.031300134658814,-0.402000003233552,0,0,0
9/16/2026 11:46:09 AM,-4.8456002140045165,-2.2240000396966932,0,0,0
9/16/2026 11:46:10 AM,-2.087400169372559,7.218000259399414,0,0,0
9/16/2026 11:46:11 AM,-1.0908000934123994,0.5710000264644622,0,0,0
9/16/2026 11:46:12 AM,-1.317200014591217,-0.15100000724196436,0,0,0
9/16/2026 11:46:13 AM,-0.8396000409126283,-0.7549999906867743,0,0,0
9/16/2026 11:46:14 AM,-0.932000036239624,0.0930000001192093,0,0,0
9/16/2026 11:46:15 AM,-1.0647000300884248,0.17500000074505806,0,0,0
9/16/2026 11:46:16 AM,-1.5272000765800477,0.17500000074505806,0,0,0
9/16/2026 11:46:17 AM,-1.8877001094818116,0.2690000084787607,0.538200044631958,2.799000034332275,0.0008999999798834324
9/16/2026 11:46:18 AM,-2.128200135231018,0.37900002002716066,5.441800451278687,28.301000347137453,0.00909999979659915
9/16/2026 11:46:19 AM,-2.4541000413894656,1.9260000558197499,0,0,0
9/16/2026 11:46:20 AM,-1.8658000922203064,-0.47299999117851244,0,0,0
9/16/2026 11:46:21 AM,-1.8906001019477845,2.1980000634491446,0,0,0
9/16/2026 11:46:22 AM,-1.2386000251770022,-1.6500000469386578,0,0,0
9/16/2026 11:46:23 AM,-2.2946001291275024,2.1780000281333924,0,0,0
9/16/2026 11:46:24 AM,-3.192100100517273,-0.529000022187829,0,0,0
9/16/2026 11:46:25 AM,-3.6671999359130862,-0.5279999762773514,0,0,0
9/16/2026 11:46:26 AM,-3.8138000440597533,1.411999976411462,0,0,0
9/16/2026 11:46:27 AM,-3.0479000997543335,-1.5659999436140062,0,0,0
9/16/2026 11:46:28 AM,-2.6470000219345096,3.391000015512109,0,0,0
9/16/2026 11:46:29 AM,-2.934000086784363,0.7539999681711197,0,0,0
9/16/2026 11:46:30 AM,-3.3544000816345214,0.37000000759959223,0,0,0
9/16/2026 11:46:31 AM,-3.578600206375122,0.6729999669641258,0,0,0
9/16/2026 11:46:32 AM,-4.607099981307984,0.7099999946355819,0,0,0
9/16/2026 11:46:33 AM,-4.680400285720825,3.2980000668764116,0,0,0
9/16/2026 11:46:34 AM,-9.376200742721558,18.706000671386718,0,0,0
9/16/2026 11:46:35 AM,-6.996300344467164,10.767000312805177,0,0,0
9/16/2026 11:46:36 AM,1.9395001767575744,71.66199623107912,0,0,0
9/16/2026 11:46:37 AM,21.986701316833496,13.657998046875,0,0,0
9/16/2026 11:46:38 AM,54.95070220947265,-18.436999220848083,0,0,0
9/16/2026 11:46:39 AM,66.06330177307129,-14.676999472081661,0,0,0
9/16/2026 11:46:40 AM,103.02580627441407,-49.13500068664551,0,0,0
9/16/2026 11:46:41 AM,140.70310729980469,8.141000175476075,15.849450988769531,56.62800109863281,0.16977614879608155
9/16/2026 11:46:42 AM,129.8180059814453,29.48700263977051,160.2555599975586,572.5720111083984,1.7166255044937135
9/16/2026 11:46:43 AM,93.11610427856446,57.868001480102535,0,0,0
9/16/2026 11:46:44 AM,68.70640411376954,19.637000417709352,0,0,0
9/16/2026 11:46:45 AM,59.21410148620606,8.284999802112578,0,0,0
9/16/2026 11:46:46 AM,54.208701553344724,14.751000385284424,0,0,0
9/16/2026 11:46:47 AM,51.76940231323242,5.055,0,0,0
9/16/2026 11:46:48 AM,62.0980029296875,-47.86899909973145,0,0,0
9/16/2026 11:46:49 AM,96.17080078125,-118.52600051879884,0,0,0
9/16/2026 11:46:50 AM,102.39910247802734,-0.8759994888305673,0,0,0
9/16/2026 11:46:51 AM,99.32040603637697,12.541000156402589,0,0,0
9/16/2026 11:46:52 AM,103.84240158081055,-17.41400032043457,0,0,0
9/16/2026 11:46:53 AM,104.78840591430665,-1.5389997100830088,0,0,0
9/16/2026 11:46:54 AM,84.36580238342286,30.866999320983886,0,0,0
9/16/2026 11:46:55 AM,71.56870346069337,160.31299926757814,0,0,0
9/16/2026 11:46:56 AM,28.261399306058884,-66.16999847412109,55.49835144042969,452.7365216064453,0.0058999998681247235
9/16/2026 11:46:57 AM,1.189800016283989,-30.2099994468689,38.56665100097656,314.61351501464844,0.0040999999083578586
9/16/2026 11:46:58 AM,-4.047099776268006,-63.659002761840824,0,0,0
9/16/2026 11:46:59 AM,8.847400226593019,85.971001663208,0,0,0
9/16/2026 11:47:00 AM,26.22500026702881,-11.815999422073366,0,0,0
9/16/2026 11:47:01 AM,-24.78780143737793,-135.27800598144532,0,0,0
9/16/2026 11:47:02 AM,-50.621802902221674,-12.434999976158144,0,0,0
9/16/2026 11:47:03 AM,-3.3412005734443664,-116.07199974060059,0,0,0
9/16/2026 11:47:04 AM,8.976099815368652,-6.7760000848770146,0,0,0
9/16/2026 11:47:05 AM,8.313700165748596,5.075000009536744,0,0,0
9/16/2026 11:47:06 AM,-4.872500066757202,-5.062999866008759,0,0,0
9/16/2026 11:47:07 AM,-5.4428001976013185,-7.562000203132629,0,0,0
9/16/2026 11:47:08 AM,-23.65810224533081,65.13299999237061,0,0,0
9/16/2026 11:47:09 AM,-8.860200099945068,-9.85400037765503,0,0,0
9/16/2026 11:47:10 AM,-6.931100273132325,1.5310000038146971,68.07125450134276,415.68449279785153,0.08157623499631882
9/16/2026 11:47:11 AM,-7.568000411987304,1.3669999361038208,47.30375312805175,288.86549499511716,0.056688570082187646
9/16/2026 11:47:12 AM,-5.339500126838685,-10.02800033569336,0,0,0
9/16/2026 11:47:13 AM,-7.877099885940552,15.326998519897462,0,0,0
9/16/2026 11:47:14 AM,-9.056800193786621,14.515999603271483,0,0,0
9/16/2026 11:47:15 AM,-5.665200214385987,-15.164000473022462,0,0,0
9/16/2026 11:47:16 AM,-4.5632000923156735,1.6740000259876253,0,0,0
9/16/2026 11:47:17 AM,-4.572400221824646,1.0109999561309815,0,0,0
9/16/2026 11:47:18 AM,-5.553000144958496,3.6039999690651894,0,0,0
9/16/2026 11:47:19 AM,-5.17410026550293,0.8379999715089799,0,0,0
9/16/2026 11:47:20 AM,-4.499600276947022,-0.2570000061392784,0,0,0
9/16/2026 11:47:21 AM,-4.6552002906799315,-0.8079999351501466,0,0,0
9/16/2026 11:47:22 AM,-5.879200267791749,8.968000078201296,0,0,0
9/16/2026 11:47:23 AM,-2.2467999589443206,-6.28200029373169,0,0,0
9/16/2026 11:47:24 AM,-3.2519000959396362,30.323000831604006,0,0,0
9/16/2026 11:47:25 AM,-4.841500244140626,28.74899974822998,0,0,0
9/16/2026 11:47:26 AM,-4.846699986159802,9.023000068664553,0,0,0
9/16/2026 11:47:27 AM,-1.7827996253967284,0.26800025939941463,0,0,0
9/16/2026 11:47:28 AM,-3.004199981689453,-40.684999504089355,0,0,0
9/16/2026 11:47:29 AM,-0.947099976539612,-4.371000442504881,0,0,0
9/16/2026 11:47:30 AM,-5.611600160598755,-16.82600051879883,12.115000724792482,140.44999694824222,0.004999999888241292
9/16/2026 11:47:31 AM,-0.7474000835418699,-12.53300037384033,0,0,0
9/16/2026 11:47:32 AM,-1.2430000364780427,-37.91299961090088,0,0,0
9/16/2026 11:47:33 AM,0.5447999823093415,-53.37100051879883,0,0,0
9/16/2026 11:47:34 AM,-3.402600088119507,22.130000915527347,0,0,0
9/16/2026 11:47:35 AM,-3.9732001018524166,74.11599792480469,0,0,0
9/16/2026 11:47:36 AM,1.9896001243591306,16.804000339508057,0,0,0
9/16/2026 11:47:37 AM,-9.282300262451173,44.22500205993652,0,0,0
9/16/2026 11:47:38 AM,0.5082999444007874,-41.554001350402835,0,0,0
9/16/2026 11:47:39 AM,-6.170200090408326,0.306999893188479,0,0,0
9/16/2026 11:47:40 AM,-0.12769984245300292,-5.971999683380127,0,0,0
9/16/2026 11:47:41 AM,-4.415800175666809,1.2170001602172853,0,0,0
9/16/2026 11:47:42 AM,-3.37735017746687,-25.848998508453374,0,0,0
9/16/2026 11:47:43 AM,-0.7271500408370049,-3.0519999313354482,0,0,0
9/16/2026 11:47:44 AM,-1.5908001023251566,-6.150999791622162,15.847401485443115,182.6640036010742,0.0058999998681247235
9/16/2026 11:47:45 AM,-0.5285499930381775,-15.680999667644503,11.012601032257079,126.9360025024414,0.0040999999083578586
9/16/2026 11:47:46 AM,-0.8108999586105347,3.3399997043609617,0,0,0
9/16/2026 11:47:47 AM,3.223600143194199,-8.641999158859255,0,0,0
9/16/2026 11:47:48 AM,-4.841250087618828,35.61450069427491,0,0,0
9/16/2026 11:47:49 AM,-1.406500034928322,8.375499687194827,0,0,0
9/16/2026 11:47:50 AM,-2.9403500008583072,-4.4630000877380365,0,0,0
9/16/2026 11:47:51 AM,-7.835700180530549,27.662499637603762,0,0,0
9/16/2026 11:47:52 AM,-4.270850270390511,1.420999946594239,0,0,0
9/16/2026 11:47:53 AM,-2.8164000707864765,-4.039999618530277,0,0,0
9/16/2026 11:47:54 AM,4.237449970245363,48.25300045013429,0,0,0
9/16/2026 11:47:55 AM,-4.021200637817384,56.255997505188,0,0,0
9/16/2026 11:47:56 AM,-4.371900177001954,2.6165000152587887,0,0,0
9/16/2026 11:47:57 AM,-7.425650305747987,-21.40049947738648,0,0,0
9/16/2026 11:47:58 AM,-26.77520059585572,-47.65150213241578,39.948903961181635,301.3425,0.0058999998681247235
9/16/2026 11:47:59 AM,-12.890100193023683,-19.04300080776215,27.761102752685545,209.4075,0.0040999999083578586
9/16/2026 11:48:00 AM,-10.114950408935549,-14.378000168800355,0,0,0
9/16/2026 11:48:01 AM,-14.382550275325777,7.8055008220672635,0,0,0
9/16/2026 11:48:02 AM,-4.756000270843507,-38.9910001373291,0,0,0
9/16/2026 11:48:03 AM,1.930499986410141,-102.18350019931795,0,0,0
9/16/2026 11:48:04 AM,1.2810000622272495,-1.0520000377297403,0,0,0
9/16/2026 11:48:05 AM,1.4558500421047211,-0.17100000679492952,0,0,0
9/16/2026 11:48:06 AM,1.2197000098228459,1.1049999673664572,0,0,0
9/16/2026 11:48:07 AM,-3.1238502478599552,232.45950289428237,0,0,0
9/16/2026 11:48:08 AM,1.7411500465869905,-1.4190000285953286,0,0,0
9/16/2026 11:48:09 AM,28.501901185512544,36.79900074638427,0,0,0
9/16/2026 11:48:10 AM,31.307350487113,-35.25549931526185,0,0,0
9/16/2026 11:48:11 AM,8.144300124049188,186.32599386215213,0,0,0
9/16/2026 11:48:12 AM,-9.667150113582613,30.208500537872318,0,0,0
9/16/2026 11:48:13 AM,-3.657349990606308,-58.61250190734864,0,0,0
9/16/2026 11:48:14 AM,-6.044600299596787,15.557499237060549,8.378100357055663,70.23600219726562,0.0008999999798834324
9/16/2026 11:48:15 AM,-13.291550979614259,-36.177999897003176,84.7119036102295,710.1640222167969,0.00909999979659915
9/16/2026 11:48:16 AM,-8.190050086975099,-22.14700058937073,0,0,0
9/16/2026 11:48:17 AM,-3.3627500116825106,1.7065002250671388,0,0,0
9/16/2026 11:48:18 AM,3.1304002380371103,32.414501383304604,0,0,0
9/16/2026 11:48:19 AM,4.365350317955018,12.77649976015091,0,0,0
9/16/2026 11:48:20 AM,-12.69510039329529,-7.87099979400635,0,0,0
9/16/2026 11:48:21 AM,-7.591699948310852,-50.96999885559082,0,0,0
9/16/2026 11:48:22 AM,-3.4015500545501713,-9.655499370098115,0,0,0
9/16/2026 11:48:23 AM,-4.227650194168092,3.6555000329017644,0,0,0
9/16/2026 11:48:24 AM,-6.737150459289552,4.317999652326108,0,0,0
9/16/2026 11:48:25 AM,-8.42770006656647,0.03399999320507051,0,0,0
9/16/2026 11:48:26 AM,-10.197100706100464,0.24600000977516176,0,0,0
9/16/2026 11:48:27 AM,-8.663250503540041,-6.122000176012517,0,0,0
9/16/2026 11:48:28 AM,-8.068700346946718,3.4655000305175783,0,0,0
9/16/2026 11:48:29 AM,-6.730400328636169,1.5730000066757202,11.89145040512085,96.75999999999999,0.0058999998681247235
9/16/2026 11:48:30 AM,-6.1464002704620375,-6.738500155806542,8.263550281524658,67.24,0.0040999999083578586
9/16/2026 11:48:31 AM,-9.479950180053713,-18.365500640869143,0,0,0
9/16/2026 11:48:32 AM,-7.955350778102876,-262.38700672805317,0,0,0
9/16/2026 11:48:33 AM,-3.6661500310897828,-0.27999999500811107,0,0,0
9/16/2026 11:48:34 AM,-3.6393501329422002,-0.1320000019669533,0,0,0
9/16/2026 11:48:35 AM,-3.6159501600265505,0.10000000149011613,0,0,0
9/16/2026 11:48:36 AM,-3.59250020980835,-0.020500000305473807,0,0,0
9/16/2026 11:48:37 AM,-3.5825001001358037,0.020500000305473803,0,0,0
9/16/2026 11:48:38 AM,-3.590900130271912,0.029500000439584253,0,0,0
9/16/2026 11:48:39 AM,-3.603850231170654,0.025000000372529033,0,0,0
9/16/2026 11:48:40 AM,-3.6020501685142516,-0.02950000043958426,0,0,0
9/16/2026 11:48:41 AM,-3.5973000264167787,-0.059000000879168506,0,0,0
9/16/2026 11:48:42 AM,-3.5863500475883487,-0.020500000305473807,0,0,0
9/16/2026 11:48:43 AM,-3.5845500493049625,-0.011500000171363354,0,0,0
9/16/2026 11:48:44 AM,-3.5918001294136053,0.06600000098347665,0,0,0
9/16/2026 11:48:45 AM,-3.609750182628632,0.03650000020861626,0,0,0
9/16/2026 11:48:46 AM,-3.6106999969482425,-0.06150000244379043,0,0,0
9/16/2026 11:48:47 AM,-3.606150164604187,0.004500000067055226,0,0,0
9/16/2026 11:48:48 AM,-3.579100184440613,0.020500000305473803,0,0,0
9/16/2026 11:48:49 AM,-3.599750332832336,0.004500000067055226,0,0,0
9/16/2026 11:48:50 AM,-3.490550286769867,4.512999997325243,0,0,0
9/16/2026 11:48:51 AM,-16.309250154495242,39.01600077152253,0,0,0
9/16/2026 11:48:52 AM,-18.021450357437136,-21.846999545097354,0,0,0
9/16/2026 11:48:53 AM,-6.396049942970277,8.63499963760376,0,0,0
9/16/2026 11:48:54 AM,-16.16285039305687,33.955500030517584,0,0,0
9/16/2026 11:48:55 AM,12.499950262308124,-41.7354988861084,0,0,0
9/16/2026 11:48:56 AM,27.998852005004885,-15.392000374794003,0,0,0
9/16/2026 11:48:57 AM,-8.47070019721985,69.93000122744591,0,0,0
9/16/2026 11:48:58 AM,-7.59095021724701,0.07050000105053188,10.289250411987304,81.23850219726562,0.012126929461956024
9/16/2026 11:48:59 AM,-7.556600146293641,0.025000000372529033,104.03575416564942,821.4115222167969,0.12261673122644424
9/16/2026 11:49:00 AM,-7.555000066757203,0.004500000067055226,0,0,0
9/16/2026 11:49:01 AM,-7.546150341033936,0.04550000067800283,0,0,0
9/16/2026 11:49:02 AM,-7.540900263786316,0.05450000081211329,0,0,0
9/16/2026 11:49:03 AM,-7.542500495910645,-0.01350000020116568,0,0,0
9/16/2026 11:49:04 AM,-7.540000200271607,-0.07050000105053186,0,0,0
9/16/2026 11:49:05 AM,-7.547500371932984,-0.04550000067800283,0,0,0
9/16/2026 11:49:06 AM,-7.540250487327577,0.025000000372529033,0,0,0
9/16/2026 11:49:07 AM,-7.504800391197205,-0.009000000134110451,0,0,0
9/16/2026 11:49:08 AM,-7.483450226783753,-0.06150000091642142,0,0,0
9/16/2026 11:49:09 AM,-7.433900437355042,0.011500000171363354,0,0,0
9/16/2026 11:49:10 AM,-7.39705026626587,0.09299999952316286,0,0,0
9/16/2026 11:49:11 AM,-7.397050309181213,-0.06800000101327898,0,0,0
9/16/2026 11:49:12 AM,-7.395000457763672,-0.04100000061094761,0,0,0
9/16/2026 11:49:13 AM,-7.395900435447693,0.020500000305473807,0,0,0
9/16/2026 11:49:14 AM,-7.395250310897828,-0.05000000074505806,0,0,0
9/16/2026 11:49:15 AM,-7.383650436401368,-0.006999999769032002,0,0,0
9/16/2026 11:49:16 AM,-7.361600213050843,0.03650000207126141,0,0,0
9/16/2026 11:49:17 AM,-7.344800305366517,-0.020500000305473807,0,0,0
9/16/2026 11:49:18 AM,-7.3329502296447755,-8.673617379884037E-19,0,0,0
9/16/2026 11:49:19 AM,-7.319100193977357,0.020500000305473803,0,0,0
9/16/2026 11:49:20 AM,-7.312050423622132,0.03400000050663949,0,0,0
9/16/2026 11:49:21 AM,-7.3134000205993654,0.08200000122189521,0,0,0
9/16/2026 11:49:22 AM,-7.313200297355651,-0.020500000305473807,0,0,0
9/16/2026 11:49:23 AM,-7.293200035095214,-0.14550000030547383,0,0,0
9/16/2026 11:49:24 AM,-7.290900263786316,0.009000000134110451,0,0,0
9/16/2026 11:49:25 AM,-7.305900282859803,0.07050000105053186,0,0,0
9/16/2026 11:49:26 AM,-7.3109001588821405,0.020500000305473803,0,0,0
9/16/2026 11:49:27 AM,-7.323400249481201,-0.03400000050663949,0,0,0
9/16/2026 11:49:28 AM,-7.337700533866882,-0.03650000054389239,0,0,0
9/16/2026 11:49:29 AM,-7.3563504838943485,0.025000000372529033,0,0,0
9/16/2026 11:49:30 AM,-7.3561505651474,-0.05900000274181367,0,0,0
9/16/2026 11:49:31 AM,-7.35115016937256,0.05900000274181367,0,0,0
9/16/2026 11:49:32 AM,-7.330250210762024,-0.025000000372529033,0,0,0
9/16/2026 11:49:33 AM,-7.310250034332276,0.06150000091642142,0,0,0
9/16/2026 11:49:34 AM,-7.2900004386901855,-0.04100000061094761,0,0,0
9/16/2026 11:49:35 AM,-7.28025025844574,-0.004500000067055226,0,0,0
9/16/2026 11:49:36 AM,-7.265000343322754,0.00900000013411045,0,0,0
9/16/2026 11:49:37 AM,-7.272200379371643,0.02750000040978193,0,0,0
9/16/2026 11:49:38 AM,-7.3500006198883066,-0.07300000108778477,0,0,0
9/16/2026 11:49:39 AM,-7.352250585556031,0.09550000142306089,0,0,0
9/16/2026 11:49:40 AM,-7.362950396537782,0.01600000023841858,0,0,0
9/16/2026 11:49:41 AM,-7.374950151443482,0.006500000767409802,0,0,0
9/16/2026 11:49:42 AM,-7.452700500488281,0.15250000532716512,0,0,0
9/16/2026 11:49:43 AM,-7.48240014076233,-0.0019999996945261962,0,0,0
9/16/2026 11:49:44 AM,-7.556150569915772,-0.12050000026822091,0,0,0
9/16/2026 11:49:45 AM,-7.5513504600524906,-0.11600000172853471,0,0,0
9/16/2026 11:49:46 AM,-7.585650682449341,0.013500000201165681,0,0,0
9/16/2026 11:49:47 AM,-7.625650405883789,0.05000000074505806,0,0,0
9/16/2026 11:49:48 AM,-7.642700362205506,0.03200000014156103,0,0,0
9/16/2026 11:49:49 AM,-7.67705023765564,-0.011500001698732375,0,0,0
9/16/2026 11:49:50 AM,-7.6738503599166865,0.07500000298023225,0,0,0
9/16/2026 11:49:51 AM,-7.665950026512147,0.013500000536441802,0,0,0
9/16/2026 11:49:52 AM,-7.638400111198426,0.0025000015646219273,0,0,0
9/16/2026 11:49:53 AM,-7.6555503988266,-0.04550000067800284,0,0,0
9/16/2026 11:49:54 AM,-7.782950277328491,0.020500000305473807,0,0,0
9/16/2026 11:49:55 AM,-7.85925018310547,-0.002499999701976775,0,0,0
9/16/2026 11:49:56 AM,-7.868650374412536,0.06150000244379043,0,0,0
9/16/2026 11:49:57 AM,-7.839800429344178,-0.06350000128149988,0,0,0
9/16/2026 11:49:58 AM,-7.824350357055664,0.004500000402331355,0,0,0
9/16/2026 11:49:59 AM,-7.856950325965881,-0.18200000643730166,0,0,0
9/16/2026 11:50:00 AM,-7.87275046825409,0.10000000149011612,0,0,0
9/16/2026 11:50:01 AM,-7.864250578880311,-0.009000000134110455,0,0,0
9/16/2026 11:50:02 AM,-7.928650512695313,0.03400000050663949,0,0,0
9/16/2026 11:50:03 AM,-7.925900406837464,0.08200000122189521,0,0,0
9/16/2026 11:50:04 AM,-7.967700214385987,-0.04100000061094761,0,0,0
9/16/2026 11:50:05 AM,-7.958000555038454,0.041000000610947614,0,0,0
9/16/2026 11:50:06 AM,-7.913650169372559,-0.04800000071525574,0,0,0
9/16/2026 11:50:07 AM,-7.9100003242492685,0.07750000115484,0,0,0
9/16/2026 11:50:08 AM,-7.900250186920167,-0.006999999769032002,0,0,0
9/16/2026 11:50:09 AM,-7.880450515747071,0.18650000244379047,0,0,0
9/16/2026 11:50:10 AM,-7.87930009841919,-0.009000000134110451,0,0,0
9/16/2026 11:50:11 AM,-7.908400049209596,0.013500000201165681,0,0,0
9/16/2026 11:50:12 AM,-7.947450618743896,0.06600000098347665,0,0,0
9/16/2026 11:50:13 AM,-7.963650360107423,-0.020500000305473803,0,0,0
9/16/2026 11:50:14 AM,-7.989500346183777,0.059000000879168506,0,0,0
9/16/2026 11:50:15 AM,-8.008400192260744,0.12050000365823509,0,0,0
9/16/2026 11:50:16 AM,-8.00910020828247,0.05000000074505806,0,0,0
9/16/2026 11:50:17 AM,-8.01195001602173,0.07950000118464232,0,0,0
9/16/2026 11:50:18 AM,-8.102750053405764,0.04100000061094761,0,0,0
9/16/2026 11:50:19 AM,-8.094000072479249,-0.04800000190734864,0,0,0
9/16/2026 11:50:20 AM,-8.185450429916383,0.12300000488758087,0,0,0
9/16/2026 11:50:21 AM,-8.591600074768069,1.5640000233054163,0,0,0
9/16/2026 11:50:22 AM,-8.899949922561646,0.004000003784894954,0,0,0
9/16/2026 11:50:23 AM,-8.96205017089844,0.022500001341104508,0,0,0
9/16/2026 11:50:24 AM,-9.02155040740967,-0.0019999951124191517,0,0,0
9/16/2026 11:50:25 AM,-8.990000724792482,-0.10449999444186689,0,0,0
9/16/2026 11:50:26 AM,-9.025250577926638,0.07050000105053186,0,0,0
9/16/2026 11:50:27 AM,-9.078800287246706,0.13400000233203174,0,0,0
9/16/2026 11:50:28 AM,-9.1817004776001,-0.574000008404255,0,0,0
9/16/2026 11:50:29 AM,-9.221000032424929,-0.918000004887581,0,0,0
9/16/2026 11:50:30 AM,-9.243550195693972,0.877500035762787,0,0,0
9/16/2026 11:50:31 AM,-9.237000570297242,-0.19849997937679295,0,0,0
9/16/2026 11:50:32 AM,-9.18420057296753,-0.1345000035315752,0,0,0
9/16/2026 11:50:33 AM,-9.1865002822876,-0.05450000114738942,0,0,0
9/16/2026 11:50:34 AM,-9.240300426483156,-0.2225000029802323,0,0,0
9/16/2026 11:50:35 AM,-9.2006005191803,-0.15950000237673523,0,0,0
9/16/2026 11:50:36 AM,-9.223450040817262,0.06350000094622374,0,0,0
9/16/2026 11:50:37 AM,-9.210000514984133,0.06850000068545342,0,0,0
9/16/2026 11:50:38 AM,-9.191600570678713,-0.05900000207126141,0,0,0
9/16/2026 11:50:39 AM,-9.197050218582156,-0.1025,0,0,0
9/16/2026 11:50:40 AM,-9.190200061798096,-0.0660000028461218,0,0,0
9/16/2026 11:50:41 AM,-9.206100339889527,-0.05450000081211329,0,0,0
9/16/2026 11:50:42 AM,-9.265900278091433,-0.0635000028088689,0,0,0
9/16/2026 11:50:43 AM,-9.298549985885622,0.09299999952316286,0,0,0
9/16/2026 11:50:44 AM,-9.36775031089783,0.10500000156462193,0,0,0
9/16/2026 11:50:45 AM,-9.358999938964844,-0.22350000232458117,0,0,0
9/16/2026 11:50:46 AM,-9.528450222015383,-0.4500000029802323,0,0,0
9/16/2026 11:50:47 AM,-9.638249998092652,0.24850000828504562,0,0,0
9/16/2026 11:50:48 AM,-9.605400419235231,0.3404999976232648,0,0,0
9/16/2026 11:50:49 AM,-9.624550380706788,-0.1589999967813492,0,0,0
9/16/2026 11:50:50 AM,-9.611349687576293,-0.10450000341981651,0,0,0
9/16/2026 11:50:51 AM,-9.626400117874146,-0.19550000663846734,0,0,0
9/16/2026 11:50:52 AM,-9.578649978637698,0.05450000267475844,0,0,0
9/16/2026 11:50:53 AM,-9.564550523757935,-0.10900000162422659,0,0,0
