tag_address,zone_id,interval_start,interval_end,duration_seconds,confidence
BB:00:00:00:00:01,Z01,2026-08-18T11:00:10+00:00,2026-08-18T11:03:10+00:00,180,0.833
BB:00:00:00:00:01,Z02,2026-08-18T11:03:10+00:00,2026-08-18T11:13:20+00:00,610,0.667
BB:00:00:00:00:01,Z03,2026-08-18T11:13:20+00:00,2026-08-18T11:28:10+00:00,890,0.700
BB:00:00:00:00:01,Z04,2026-08-18T11:28:10+00:00,2026-08-18T11:36:10+00:00,480,0.733
BB:00:00:00:00:01,Z05,2026-08-18T11:36:10+00:00,2026-08-18T13:06:10+00:00,5400,0.567
BB:00:00:00:00:01,Z04,2026-08-18T13:06:10+00:00,2026-08-18T13:12:10+00:00,360,0.633
BB:00:00:00:00:01,Z05,2026-08-18T13:12:10+00:00,2026-08-18T14:27:10+00:00,4500,0.633
BB:00:00:00:00:01,Z02,2026-08-18T14:27:10+00:00,2026-08-18T14:35:10+00:00,480,0.633
BB:00:00:00:00:01,Z01,2026-08-18T14:35:10+00:00,2026-08-18T14:37:55+00:00,165,0.833
